"","SLOT1","SLOT2","fS1","fS2","OBS","EXP","ASSOC","COLL.STR.LOGL","SIGNIF"
"1","volere","sapere",9144549,464518,355224,150303.5,"attr",387143.93884,"*****"
"2","dovere","essere",9554798,2462331,1196178,832477.1,"attr",250830.53459,"*****"
"3","volere","dire",9144549,973378,471202,314954.8,"attr",111678.87383,"*****"
"4","potere","trovare",9562180,336279,200882,113778.7,"attr",95095.05673,"*****"
"5","dovere","pagare",9554798,113563,88987,38393.9,"attr",95059.54011,"*****"
"6","volere","ricordare",9144549,132559,95037,42892,"attr",86285.01154,"*****"
"7","volere","sottolineare",9144549,54865,49216,17752.6,"attr",79262.06311,"*****"
"8","dovere","affrontare",9554798,129893,93425,43914.9,"attr",78889.74775,"*****"
"9","potere","causare",9562180,41927,40678,14185.8,"attr",78069.82524,"*****"
"10","potere","contare",9562180,60769,53039,20561,"attr",75197.33452,"*****"
"11","potere","accedere",9562180,71081,58763,24050,"attr",72180.22052,"*****"
"12","volere","ringraziare",9144549,86489,66369,27985.1,"attr",71914.52062,"*****"
"13","potere","ammirare",9562180,43719,41095,14792.2,"attr",71494.86666,"*****"
"14","dovere","preoccupare",9554798,31253,31253,10566.2,"attr",67852.89397,"*****"
"15","potere","permettere",9562180,76032,59815,25725.1,"attr",64408.6934,"*****"
"16","potere","sembrare",9562180,61249,50876,20723.4,"attr",63259.3922,"*****"
"17","volere","vedere",9144549,352219,184501,113967.1,"attr",60827.49761,"*****"
"18","volere","provare",9144549,154795,95459,50086.8,"attr",56064.2689,"*****"
"19","potere","aiutare",9562180,142554,91035,48232.6,"attr",53630.73083,"*****"
"20","volere","chiedere",9144549,217793,121639,70471,"attr",51169.786,"*****"
"21","dovere","tenere",9554798,143149,89970,48396.5,"attr",50413.4993,"*****"
"22","volere","parlare",9144549,196581,110561,63607.5,"attr",47668.006,"*****"
"23","volere","approfondire",9144549,46789,37904,15139.5,"attr",47082.61311,"*****"
"24","potere","vantare",9562180,20840,20840,7051.1,"attr",45198.09992,"*****"
"25","potere","usufruire",9562180,43474,35990,14709.3,"attr",44324.15088,"*****"
"26","volere","condividere",9144549,66636,47811,21561.3,"attr",43387.17691,"*****"
"27","potere","variare",9562180,28254,25904,9559.6,"attr",41940.08735,"*****"
"28","dovere","pervenire",9554798,26218,24422,8863.9,"attr",41393.912,"*****"
"29","dovere","rispettare",9554798,38974,32516,13176.5,"attr",40914.24729,"*****"
"30","volere","raccontare",9144549,64425,45699,20845.9,"attr",40205.71101,"*****"
"31","potere","immaginare",9562180,42173,34059,14269.1,"attr",39280.21701,"*****"
"32","dovere","aspettare",9554798,86059,57343,29095.3,"attr",38599.61724,"*****"
"33","dovere","avere",9554798,648678,294337,219308.3,"attr",38019.2146,"*****"
"34","dovere","ammettere",9554798,49564,37842,16756.8,"attr",37595.52246,"*****"
"35","potere","scegliere",9562180,138481,81465,46854.5,"attr",36215.74432,"*****"
"36","volere","segnalare",9144549,45999,34535,14883.8,"attr",35305.34554,"*****"
"37","potere","provocare",9562180,29248,25314,9895.9,"attr",35054.22463,"*****"
"38","potere","richiedere",9562180,60096,42749,20333.3,"attr",34833.12115,"*****"
"39","volere","capire",9144549,144442,80626,46736.9,"attr",33750.50264,"*****"
"40","volere","conoscere",9144549,113087,66656,36591.4,"attr",33735.35044,"*****"
"41","potere","definire",9562180,57007,40312,19288.1,"attr",32288.29442,"*****"
"42","dovere","attendere",9554798,38476,29900,13008.2,"attr",31146.56469,"*****"
"43","potere","notare",9562180,28745,23909,9725.8,"attr",29798.53679,"*****"
"44","potere","capitare",9562180,26996,22790,9134,"attr",29539.03181,"*****"
"45","potere","utilizzare",9562180,136182,75200,46076.7,"attr",26192.58612,"*****"
"46","volere","mettere",9144549,255548,120906,82687.4,"attr",24829.11453,"*****"
"47","dovere","provvedere",9554798,29030,22607,9814.6,"attr",23674.93115,"*****"
"48","dovere","possedere",9554798,26199,20915,8857.5,"attr",23404.26925,"*****"
"49","potere","beneficiare",9562180,19166,16580,6484.7,"attr",22921.35827,"*****"
"50","volere","proporre",9144549,53866,34577,17429.4,"attr",22883.24444,"*****"
"51","potere","affermare",9562180,37746,26793,12771.2,"attr",21679.40806,"*****"
"52","dovere","avvenire",9554798,86684,50422,29306.6,"attr",21510.45763,"*****"
"53","potere","prescindere",9562180,17425,15183,5895.7,"attr",21395.88522,"*****"
"54","dovere","attenere",9554798,14419,13205,4874.8,"attr",21322.16664,"*****"
"55","volere","dedicare",9144549,45249,29788,14641.2,"attr",21234.39199,"*****"
"56","volere","scopare",9144549,9383,9383,3036,"attr",21181.00851,"*****"
"57","dovere","cercare",9554798,96903,54695,32761.4,"attr",20814.27079,"*****"
"58","dovere","occupare",9554798,44901,29850,15180.4,"attr",19920.87287,"*****"
"59","potere","rivelare",9562180,31590,22906,10688.4,"attr",19688.43855,"*****"
"60","potere","godere",9562180,57972,36068,19614.6,"attr",19438.54291,"*****"
"61","potere","accadere",9562180,37116,25679,12558.1,"attr",19284.30818,"*****"
"62","potere","determinare",9562180,25260,19319,8546.6,"attr",19239.75272,"*****"
"63","volere","sentire",9144549,106113,56194,34334.9,"attr",19186.39621,"*****"
"64","dovere","corrispondere",9554798,17142,14528,5795.5,"attr",19039.78215,"*****"
"65","dovere","accontentare",9554798,25368,19237,8576.5,"attr",18743.35702,"*****"
"66","dovere","contenere",9554798,54735,34085,18505.1,"attr",18459.90221,"*****"
"67","potere","mancare",9562180,45186,29250,15288.5,"attr",17930.71062,"*****"
"68","volere","precisare",9144549,18725,14861,6058.8,"attr",17504.90574,"*****"
"69","dovere","versare",9554798,16216,13545,5482.4,"attr",17082.2348,"*****"
"70","potere","gustare",9562180,20430,16022,6912.4,"attr",17071.77573,"*****"
"71","volere","dare",9144549,467438,193240,151248.4,"attr",16839.56221,"*****"
"72","dovere","scontare",9554798,7679,7679,2596.2,"attr",16659.192,"*****"
"73","potere","interessare",9562180,29671,20777,10039.1,"attr",16158.86294,"*****"
"74","dovere","ritenere",9554798,57639,34400,19486.9,"attr",16093.88499,"*****"
"75","volere","evitare",9144549,88465,46593,28624.5,"attr",15549.30599,"*****"
"76","dovere","superare",9554798,62726,36364,21206.7,"attr",15306.75426,"*****"
"77","potere","consultare",9562180,25322,18204,8567.6,"attr",15267.20738,"*****"
"78","dovere","ricredere",9554798,7015,7015,2371.7,"attr",15218.35555,"*****"
"79","potere","essere",9562180,2462331,920891,833120.3,"attr",15089.95887,"*****"
"80","potere","succedere",9562180,29457,20225,9966.7,"attr",14844.95302,"*****"
"81","potere","osservare",9562180,37638,24323,12734.7,"attr",14826.47437,"*****"
"82","volere","perdere",9144549,72494,39291,23456.8,"attr",14681.71649,"*****"
"83","potere","verificare",9562180,68626,38552,23219.3,"attr",14349.86123,"*****"
"84","dovere","vergognare",9554798,6595,6595,2229.7,"attr",14307.01467,"*****"
"85","volere","ribadire",9144549,12043,10230,3896.7,"attr",14305.82087,"*****"
"86","volere","soffermare",9144549,13156,10895,4256.9,"attr",14288.90405,"*****"
"87","volere","regalare",9144549,27017,18277,8741.9,"attr",14080.24332,"*****"
"88","volere","vendicare",9144549,6199,6199,2005.8,"attr",13992.04542,"*****"
"89","potere","influenzare",9562180,12287,10487,4157.3,"attr",13985.29224,"*****"
"90","potere","danneggiare",9562180,10094,9085,3415.3,"attr",13968.09462,"*****"
"91","potere","generare",9562180,17481,13513,5914.6,"attr",13848.3958,"*****"
"92","volere","vivere",9144549,111380,54971,36039.1,"attr",13826.95693,"*****"
"93","dovere","adeguare",9554798,13617,11254,4603.7,"attr",13799.03424,"*****"
"94","potere","ospitare",9562180,23904,16979,8087.8,"attr",13757.69751,"*****"
"95","dovere","ricorrere",9554798,36681,23347,12401.3,"attr",13577.98816,"*****"
"96","dovere","fronteggiare",9554798,9135,8343,3088.4,"attr",13366.59515,"*****"
"97","potere","risultare",9562180,64708,36245,21893.7,"attr",13334.0005,"*****"
"98","potere","apprezzare",9562180,14503,11653,4907,"attr",13244.47723,"*****"
"99","potere","influire",9562180,8896,8162,3009.9,"attr",13232.44757,"*****"
"100","volere","intraprendere",9144549,24117,16516,7803.5,"attr",13168.26754,"*****"
"101","volere","imporre",9144549,29141,19000,9429.1,"attr",13158.88065,"*****"
"102","dovere","sottostare",9554798,9242,8365,3124.6,"attr",13072.36238,"*****"
"103","potere","scaricare",9562180,36999,23173,12518.5,"attr",12758.6897,"*****"
"104","potere","contattare",9562180,39565,24293,13386.7,"attr",12512.14072,"*****"
"105","dovere","subire",9554798,38875,23945,13143.1,"attr",12491.45847,"*****"
"106","potere","disporre",9562180,29586,19413,10010.3,"attr",12412.01107,"*****"
"107","volere","vendere",9144549,40641,24075,13150.2,"attr",12356.18499,"*****"
"108","dovere","partire",9554798,63429,35066,21444.4,"attr",12269.20626,"*****"
"109","dovere","intendere",9554798,33927,21451,11470.2,"attr",12206.75776,"*****"
"110","potere","degustare",9562180,5535,5535,1872.7,"attr",11998.52084,"*****"
"111","dovere","compilare",9554798,13817,10925,4671.3,"attr",11910.89766,"*****"
"112","volere","cimentare",9144549,17636,12739,5706.5,"attr",11748.07398,"*****"
"113","volere","sposare",9144549,22927,15400,7418.5,"attr",11624.04806,"*****"
"114","volere","mostrare",9144549,41106,23889,13300.6,"attr",11491.98065,"*****"
"115","volere","spendere",9144549,43593,24996,14105.3,"attr",11477.38137,"*****"
"116","potere","raggiungere",9562180,104808,52175,35461.4,"attr",11310.39758,"*****"
"117","potere","compromettere",9562180,8854,7778,2995.7,"attr",11199.04587,"*****"
"118","dovere","sforzare",9554798,4993,4993,1688.1,"attr",10831.12477,"*****"
"119","potere","esimere",9562180,4936,4936,1670.1,"attr",10699.83124,"*****"
"120","dovere","temere",9554798,7860,6957,2657.3,"attr",10231.36261,"*****"
"121","volere","scoprire",9144549,51716,27884,16733.7,"attr",10202.83139,"*****"
"122","volere","uccidere",9144549,25482,16110,8245.2,"attr",10170.21398,"*****"
"123","volere","avvicinare",9144549,24945,15794,8071.4,"attr",10015.94941,"*****"
"124","volere","lanciare",9144549,21265,13987,6880.7,"attr",9936.44666,"*****"
"125","volere","mantenere",9144549,60916,31561,19710.5,"attr",9829.63158,"*****"
"126","volere","inviatare",9144549,4342,4342,1404.9,"attr",9799.92935,"*****"
"127","potere","costituire",9562180,41242,23769,13954.1,"attr",9756.00924,"*****"
"128","potere","ottenere",9562180,108883,52593,36840.1,"attr",9706.59026,"*****"
"129","dovere","presentare",9554798,131493,61647,44455.8,"attr",9617.13264,"*****"
"130","volere","costruire",9144549,55248,28984,17876.5,"attr",9506.26322,"*****"
"131","dovere","recare",9554798,31488,19114,10645.6,"attr",9481.76829,"*****"
"132","dovere","abituare",9554798,6982,6234,2360.5,"attr",9386.23581,"*****"
"133","volere","fare",9144549,1781175,635242,576332.7,"attr",9353.99079,"*****"
"134","volere","invitare",9144549,14417,10323,4664.9,"attr",9297.63404,"*****"
"135","dovere","lottare",9554798,14720,10696,4976.6,"attr",9255.68985,"*****"
"136","potere","trarre",9562180,25496,16155,8626.5,"attr",9237.21269,"*****"
"137","potere","avvalere",9562180,18620,12726,6300,"attr",9210.58726,"*****"
"138","volere","trascorrere",9144549,27107,16477,8771,"attr",9196.98457,"*****"
"139","dovere","prestare",9554798,18918,12828,6395.9,"attr",9082.54156,"*****"
"140","dovere","prendere",9554798,207237,90605,70063.7,"attr",8816.72044,"*****"
"141","potere","scorgere",9562180,4003,4003,1354.4,"attr",8677.0965,"*****"
"142","potere","offrire",9562180,79623,39662,26940.1,"attr",8616.95752,"*****"
"143","dovere","rispondere",9554798,90871,44252,30722.1,"attr",8567.30785,"*****"
"144","volere","celebrare",9144549,14020,9888,4536.4,"attr",8547.98462,"*****"
"145","volere","salutare",9144549,11332,8464,3666.7,"attr",8525.57198,"*****"
"146","potere","diventare",9562180,162018,72726,54818.2,"attr",8524.88563,"*****"
"147","dovere","astenere",9554798,3904,3904,1319.9,"attr",8468.50389,"*****"
"148","volere","premiare",9144549,6662,5752,2155.6,"attr",8381.29109,"*****"
"149","dovere","rimanere",9554798,90024,43751,30435.8,"attr",8377.42544,"*****"
"150","dovere","sborsare",9554798,3853,3853,1302.6,"attr",8357.86176,"*****"
"151","volere","investire",9144549,31043,17852,10044.5,"attr",8277.36395,"*****"
"152","potere","intuire",9562180,3809,3809,1288.8,"attr",8256.52156,"*****"
"153","dovere","confessare",9554798,8909,7183,3012,"attr",8247.17461,"*****"
"154","potere","esercitare",9562180,27697,16762,9371.2,"attr",8209.63078,"*****"
"155","volere","esprimere",9144549,70790,34530,22905.4,"attr",8201.65855,"*****"
"156","dovere","impegnare",9554798,27807,16791,9401.1,"attr",8177.1617,"*****"
"157","potere","fruire",9562180,6624,5780,2241.2,"attr",8173.18315,"*****"
"158","dovere","vigilare",9554798,3761,3761,1271.5,"attr",8158.27296,"*****"
"159","volere","distruggere",9144549,17812,11656,5763.4,"attr",8156.31399,"*****"
"160","volere","rimarcare",9144549,3607,3607,1167.1,"attr",8140.83218,"*****"
"161","volere","realizzare",9144549,91385,42675,29569.3,"attr",8128.17594,"*****"
"162","dovere","sopportare",9554798,19478,12758,6585.2,"attr",8123.32157,"*****"
"163","volere","credere",9144549,53974,27496,17464.3,"attr",7963.31729,"*****"
"164","volere","dilungare",9144549,3498,3498,1131.8,"attr",7894.79601,"*****"
"165","volere","omaggiare",9144549,3484,3484,1127.3,"attr",7863.19516,"*****"
"166","volere","evidenziare",9144549,17864,11569,5780.2,"attr",7850.50275,"*****"
"167","potere","derivare",9562180,25831,15712,8739.8,"attr",7831.26989,"*****"
"168","potere","giovare",9562180,3611,3611,1221.8,"attr",7827.28035,"*****"
"169","volere","rammentare",9144549,3464,3464,1120.8,"attr",7818.05114,"*****"
"170","volere","dimagrire",9144549,6617,5587,2141.1,"attr",7692.92635,"*****"
"171","dovere","scontrare",9554798,3537,3537,1195.8,"attr",7672.32251,"*****"
"172","potere","visualizzare",9562180,13942,9774,4717.2,"attr",7622.28009,"*****"
"173","volere","porre",9144549,65259,31850,21115.8,"attr",7584.01325,"*****"
"174","potere","usare",9562180,151326,67493,51200.6,"attr",7558.23018,"*****"
"175","volere","richiamare",9144549,16529,10803,5348.3,"attr",7531.54339,"*****"
"176","potere","pretendere",9562180,14172,9856,4795,"attr",7508.70912,"*****"
"177","dovere","prevedere",9554798,38914,21504,13156.2,"attr",7504.02037,"*****"
"178","volere","baciare",9144549,3291,3291,1064.9,"attr",7427.55784,"*****"
"179","dovere","considerare",9554798,88950,42465,30072.7,"attr",7359.34326,"*****"
"180","volere","rischiare",9144549,16043,10502,5191,"attr",7355.72717,"*****"
"181","dovere","faticare",9554798,3389,3389,1145.8,"attr",7351.25192,"*****"
"182","dovere","mirare",9554798,3388,3388,1145.4,"attr",7349.08254,"*****"
"183","volere","trasmettere",9144549,33381,18386,10801.1,"attr",7293.76282,"*****"
"184","dovere","basare",9554798,11489,8368,3884.3,"attr",7288.53228,"*****"
"185","volere","complimentare",9144549,3220,3220,1041.9,"attr",7267.29887,"*****"
"186","volere","comprare",9144549,57635,28523,18648.9,"attr",7251.41333,"*****"
"187","potere","obiettare",9562180,3321,3321,1123.6,"attr",7198.60353,"*****"
"188","dovere","conformare",9554798,3289,3289,1112,"attr",7134.31405,"*****"
"189","volere","sensibilizzare",9144549,3161,3161,1022.8,"attr",7134.12649,"*****"
"190","dovere","risarcire",9554798,3267,3267,1104.5,"attr",7086.58791,"*****"
"191","potere","visitare",9562180,52019,26835,17600.4,"attr",6916.30736,"*****"
"192","volere","divertire",9144549,21296,12805,6890.7,"attr",6898.66989,"*****"
"193","volere","donare",9144549,16193,10395,5239.5,"attr",6870.61034,"*****"
"194","dovere","stare",9554798,145401,64321,49157.9,"attr",6820.91214,"*****"
"195","potere","partecipare",9562180,115266,52531,38999.8,"attr",6815.85919,"*****"
"196","dovere","lavorare",9554798,88325,41710,29861.4,"attr",6784.22546,"*****"
"197","volere","esagerare",9144549,5657,4813,1830.4,"attr",6756.03617,"*****"
"198","dovere","riuscire",9554798,39304,21210,13288.1,"attr",6704.85009,"*****"
"199","volere","partecipare",9144549,115266,50594,37296.5,"attr",6698.38409,"*****"
"200","potere","ipotizzare",9562180,7385,5921,2498.7,"attr",6689.40225,"*****"
"201","potere","contribuire",9562180,53861,27373,18223.7,"attr",6567.82237,"*****"
"202","potere","ricavare",9562180,11004,7886,3723.2,"attr",6551.41012,"*****"
"203","dovere","decidere",9554798,72156,34881,24394.9,"attr",6482.05831,"*****"
"204","potere","incidere",9562180,11507,8117,3893.3,"attr",6444.0058,"*****"
"205","volere","creare",9144549,120386,52263,38953.2,"attr",6437.00063,"*****"
"206","dovere","dimettere",9554798,6948,5603,2349,"attr",6435.92279,"*****"
"207","potere","visionare",9562180,6434,5285,2176.9,"attr",6367.04285,"*****"
"208","volere","pubblicizzare",9144549,2809,2809,908.9,"attr",6339.61722,"*****"
"209","volere","promuovere",9144549,21594,12691,6987.1,"attr",6337.97807,"*****"
"210","potere","esistere",9562180,27717,15850,9377.9,"attr",6312.342,"*****"
"211","volere","annoiare",9144549,2785,2785,901.1,"attr",6285.44681,"*****"
"212","dovere","imparare",9554798,76147,36322,25744.2,"attr",6261.18941,"*****"
"213","dovere","garantire",9554798,69476,33532,23488.8,"attr",6175.93813,"*****"
"214","dovere","tendere",9554798,8107,6167,2740.9,"attr",6056.42591,"*****"
"215","dovere","andare",9554798,368102,146917,124449.8,"attr",6051.28097,"*****"
"216","dovere","passare",9554798,111456,50148,37681.6,"attr",5993.54704,"*****"
"217","volere","festeggiare",9144549,12297,8167,3978.9,"attr",5965.18248,"*****"
"218","potere","concepire",9562180,2743,2743,928.1,"attr",5945.62031,"*****"
"219","potere","desiderare",9562180,6318,5105,2137.7,"attr",5887.55858,"*****"
"220","potere","sbizzarrire",9562180,2700,2700,913.5,"attr",5852.40714,"*****"
"221","potere","manifestare",9562180,21703,12841,7343.1,"attr",5803.1371,"*****"
"222","volere","abolire",9144549,5258,4372,1701.3,"attr",5791.01688,"*****"
"223","volere","addentrare",9144549,2565,2565,830,"attr",5788.88861,"*****"
"224","dovere","sorbire",9554798,2664,2664,900.7,"attr",5778.48378,"*****"
"225","volere","entrare",9144549,92351,40931,29881.9,"attr",5759.15805,"*****"
"226","volere","leccare",9144549,2539,2539,821.5,"attr",5730.20493,"*****"
"227","potere","servire",9562180,63621,30783,21525.9,"attr",5725.75431,"*****"
"228","potere","optare",9562180,15170,9701,5132.7,"attr",5712.83779,"*****"
"229","dovere","prevalere",9554798,6477,5153,2189.8,"attr",5709.70134,"*****"
"230","volere","onorare",9144549,6193,4895,2003.9,"attr",5703.51722,"*****"
"231","potere","fregiare",9562180,2626,2626,888.5,"attr",5691.99438,"*****"
"232","potere","differire",9562180,2615,2615,884.8,"attr",5668.14931,"*****"
"233","volere","risparmiare",9144549,23276,13087,7531.4,"attr",5598.88528,"*****"
"234","potere","produrre",9562180,37948,19936,12839.6,"attr",5585.55195,"*****"
"235","volere","imprimere",9144549,2470,2470,799.2,"attr",5574.46797,"*****"
"236","volere","sbarazzare",9144549,2459,2459,795.7,"attr",5549.6404,"*****"
"237","volere","unire",9144549,26101,14285,8445.5,"attr",5530.85335,"*****"
"238","volere","sminuire",9144549,2443,2443,790.5,"attr",5513.5276,"*****"
"239","dovere","adattare",9554798,16268,10143,5500,"attr",5507.80254,"*****"
"240","volere","offendere",9144549,7406,5498,2396.4,"attr",5449.42062,"*****"
"241","potere","durare",9562180,25012,14171,8462.7,"attr",5444.58607,"*****"
"242","volere","introdurre",9144549,18252,10760,5905.8,"attr",5429.03111,"*****"
"243","dovere","digitare",9554798,2502,2502,845.9,"attr",5427.06141,"*****"
"244","volere","strafare",9144549,2386,2386,772,"attr",5384.87609,"*****"
"245","volere","tranquillizzare",9144549,2386,2386,772,"attr",5384.87609,"*****"
"246","potere","portare",9562180,215905,89372,73050.6,"attr",5384.38093,"*****"
"247","dovere","abbandonare",9554798,28773,15801,9727.7,"attr",5372.59708,"*****"
"248","potere","assistere",9562180,25261,14229,8547,"attr",5343.86299,"*****"
"249","dovere","rassegnare",9554798,7567,5670,2558.3,"attr",5342.86192,"*****"
"250","dovere","confrontare",9554798,33318,17762,11264.3,"attr",5325.95563,"*****"
"251","potere","dipendere",9562180,11285,7615,3818.2,"attr",5302.64309,"*****"
"252","volere","togliere",9144549,39398,19721,12748,"attr",5279.26423,"*****"
"253","volere","rassicurare",9144549,6551,4986,2119.7,"attr",5273.2488,"*****"
"254","volere","eliminare",9144549,28784,15284,9313.6,"attr",5259.47929,"*****"
"255","dovere","abilitare",9554798,5199,4294,1757.7,"attr",5254.34802,"*****"
"256","potere","pregiudicare",9562180,2398,2398,811.4,"attr",5197.75444,"*****"
"257","potere","apparire",9562180,36412,19000,12319.9,"attr",5161.40422,"*****"
"258","potere","leggere",9562180,91572,41466,30983,"attr",5149.15634,"*****"
"259","dovere","seguire",9554798,94772,42694,32041,"attr",5143.16387,"*****"
"260","volere","aggiungere",9144549,103221,44388,33399.1,"attr",5121.37444,"*****"
"261","volere","commentare",9144549,9791,6624,3168.1,"attr",5100.44627,"*****"
"262","potere","pensare",9562180,116882,51228,39546.6,"attr",5035.84668,"*****"
"263","volere","approfittare",9144549,20356,11513,6586.6,"attr",5030.86925,"*****"
"264","potere","circolare",9562180,5386,4353,1822.3,"attr",5023.36876,"*****"
"265","dovere","valutare",9554798,39089,20034,13215.4,"attr",5019.96239,"*****"
"266","volere","chiarire",9144549,20171,11411,6526.7,"attr",4990.38998,"*****"
"267","potere","rappresentare",9562180,72934,33884,24676.9,"attr",4967.17366,"*****"
"268","potere","ambire",9562180,2285,2285,773.1,"attr",4952.80486,"*****"
"269","dovere","munire",9554798,2283,2283,771.8,"attr",4951.99621,"*****"
"270","dovere","sudare",9554798,2259,2259,763.7,"attr",4899.93468,"*****"
"271","dovere","arrendere",9554798,11902,7755,4023.9,"attr",4855.86152,"*****"
"272","potere","invocare",9562180,2233,2233,755.5,"attr",4840.08529,"*****"
"273","dovere","procedere",9554798,60057,28555,20304.4,"attr",4828.76126,"*****"
"274","dovere","dichiarare",9554798,16155,9788,5461.8,"attr",4820.95256,"*****"
"275","potere","funzionare",9562180,26590,14524,8996.6,"attr",4816.53752,"*****"
"276","dovere","riflettere",9554798,16949,10155,5730.2,"attr",4809.71823,"*****"
"277","volere","spompinare",9144549,2118,2118,685.3,"attr",4779.9947,"*****"
"278","volere","lasciare",9144549,125531,52281,40617.9,"attr",4770.65932,"*****"
"279","potere","spaziare",9562180,2194,2194,742.3,"attr",4755.54586,"*****"
"280","dovere","riconoscere",9554798,45308,22442,15318,"attr",4746.44471,"*****"
"281","dovere","attraversare",9554798,12907,8187,4363.7,"attr",4704.26107,"*****"
"282","volere","rievocare",9144549,2082,2082,673.7,"attr",4698.74278,"*****"
"283","dovere","badare",9554798,2166,2166,732.3,"attr",4698.19698,"*****"
"284","volere","valorizzare",9144549,11825,7461,3826.2,"attr",4678.98641,"*****"
"285","dovere","rimborsare",9554798,2154,2154,728.2,"attr",4672.1664,"*****"
"286","potere","nuocere",9562180,2154,2154,728.8,"attr",4668.83897,"*****"
"287","potere","evincere",9562180,2142,2142,724.7,"attr",4642.82694,"*****"
"288","potere","decidere",9562180,72156,33250,24413.7,"attr",4629.17325,"*****"
"289","potere","accumulare",9562180,2131,2131,721,"attr",4618.9826,"*****"
"290","dovere","coordinare",9554798,2118,2118,716.1,"attr",4594.07477,"*****"
"291","volere","scrivere",9144549,81214,35512,26278.3,"attr",4580.77501,"*****"
"292","dovere","intervenire",9554798,61239,28810,20704,"attr",4577.18116,"*****"
"293","potere","aggravare",9562180,2099,2099,710.2,"attr",4549.61735,"*****"
"294","dovere","compiere",9554798,30167,15906,10199,"attr",4542.03062,"*****"
"295","volere","commemorare",9144549,2007,2007,649.4,"attr",4529.46858,"*****"
"296","dovere","attrezzare",9554798,2088,2088,705.9,"attr",4528.99855,"*****"
"297","dovere","svolgere",9554798,62351,29205,21079.9,"attr",4519.35682,"*****"
"298","volere","citare",9144549,23264,12504,7527.5,"attr",4514.42773,"*****"
"299","dovere","uniformare",9554798,2079,2079,702.9,"attr",4509.47571,"*****"
"300","potere","alterare",9562180,5064,4038,1713.4,"attr",4495.74252,"*****"
"301","dovere","smettere",9554798,24133,13246,8159,"attr",4493.42187,"*****"
"302","dovere","sbrigare",9554798,2055,2055,694.8,"attr",4457.41485,"*****"
"303","potere","rintracciare",9562180,2047,2047,692.6,"attr",4436.89912,"*****"
"304","volere","riproporre",9144549,6803,4886,2201.2,"attr",4435.55809,"*****"
"305","volere","puntualizzare",9144549,1964,1964,635.5,"attr",4432.41841,"*****"
"306","dovere","riguardare",9554798,24427,13337,8258.4,"attr",4426.76173,"*****"
"307","volere","appropriare",9144549,1951,1951,631.3,"attr",4403.07771,"*****"
"308","dovere","precedere",9554798,2028,2028,685.6,"attr",4398.84648,"*****"
"309","dovere","assumere",9554798,63046,29328,21314.9,"attr",4351.07485,"*****"
"310","potere","nascere",9562180,21727,12092,7351.2,"attr",4328.59421,"*****"
"311","potere","ovviare",9562180,1989,1989,673,"attr",4311.17538,"*****"
"312","dovere","meravigliare",9554798,1982,1982,670.1,"attr",4299.06357,"*****"
"313","potere","costare",9562180,12916,8019,4370.1,"attr",4284.08807,"*****"
"314","potere","negare",9562180,20714,11615,7008.5,"attr",4284.03924,"*****"
"315","potere","stimare",9562180,1969,1969,666.2,"attr",4267.82248,"*****"
"316","dovere","cessare",9554798,4330,3551,1463.9,"attr",4264.31415,"*****"
"317","volere","cancellare",9144549,20817,11313,6735.7,"attr",4262.89397,"*****"
"318","potere","suddividere",9562180,1966,1966,665.2,"attr",4261.31955,"*****"
"319","potere","reperire",9562180,4693,3762,1587.9,"attr",4247.79974,"*****"
"320","volere","ascoltare",9144549,40618,19421,13142.7,"attr",4175.52956,"*****"
"321","potere","dedurre",9562180,9078,6093,3071.5,"attr",4174.0456,"*****"
"322","dovere","redigere",9554798,4224,3461,1428.1,"attr",4146.47862,"*****"
"323","dovere","rispecchiare",9554798,1910,1910,645.7,"attr",4142.8822,"*****"
"324","volere","rinunciare",9144549,61224,27437,19810.2,"attr",4127.78666,"*****"
"325","potere","scatenare",9562180,5938,4431,2009.1,"attr",4122.09383,"*****"
"326","volere","suicidare",9144549,1817,1817,587.9,"attr",4100.64432,"*****"
"327","dovere","comportare",9554798,39833,19650,13466.9,"attr",4067.86393,"*****"
"328","volere","impadronire",9144549,1801,1801,582.7,"attr",4064.53304,"*****"
"329","dovere","cliccare",9554798,8417,5710,2845.7,"attr",4046.65977,"*****"
"330","dovere","premere",9554798,4281,3471,1447.3,"attr",4044.20373,"*****"
"331","potere","innescare",9562180,4103,3362,1388.2,"attr",4023.69792,"*****"
"332","dovere","sostenere",9554798,58401,27154,19744.5,"attr",4015.71342,"*****"
"333","potere","riscontrare",9562180,8084,5531,2735.2,"attr",4014.31444,"*****"
"334","potere","effettuare",9562180,65512,29981,22165.7,"attr",3990.98294,"*****"
"335","volere","somigliare",9144549,1767,1767,571.7,"attr",3987.79672,"*****"
"336","volere","annientare",9144549,1760,1760,569.5,"attr",3971.99808,"*****"
"337","volere","mandare",9144549,30991,15381,10027.7,"attr",3958.4482,"*****"
"338","volere","augurare",9144549,6000,4322,1941.4,"attr",3954.60136,"*****"
"339","volere","rubare",9144549,7426,5050,2402.8,"attr",3945.29287,"*****"
"340","potere","constatare",9562180,14541,8627,4919.9,"attr",3936.25397,"*****"
"341","volere","rendere",9144549,105453,43778,34121.3,"attr",3892.16846,"*****"
"342","volere","tediare",9144549,1722,1722,557.2,"attr",3886.23419,"*****"
"343","volere","alludere",9144549,1721,1721,556.9,"attr",3883.97725,"*****"
"344","potere","insorgere",9562180,5221,3960,1766.5,"attr",3852.50866,"*****"
"345","volere","succhiare",9144549,1702,1702,550.7,"attr",3841.09539,"*****"
"346","dovere","combattere",9554798,28041,14523,9480.2,"attr",3821.68179,"*****"
"347","potere","detrarre",9562180,1760,1760,595.5,"attr",3814.78793,"*****"
"348","potere","revocare",9562180,1759,1759,595.2,"attr",3812.62032,"*****"
"349","volere","porgere",9144549,1683,1683,544.6,"attr",3798.21358,"*****"
"350","potere","peggiorare",9562180,3983,3238,1347.6,"attr",3795.01043,"*****"
"351","volere","sbilanciare",9144549,1681,1681,543.9,"attr",3793.69971,"*****"
"352","dovere","attestare",9554798,4635,3613,1567,"attr",3790.09452,"*****"
"353","volere","acquistare",9144549,83565,35536,27039,"attr",3785.80641,"*****"
"354","volere","punire",9144549,4429,3428,1433.1,"attr",3785.38872,"*****"
"355","dovere","ripiegare",9554798,1744,1744,589.6,"attr",3782.80013,"*****"
"356","potere","ravvisare",9562180,1730,1730,585.3,"attr",3749.75955,"*****"
"357","volere","scherzare",9144549,1656,1656,535.8,"attr",3737.27636,"*****"
"358","potere","contrarre",9562180,1712,1712,579.2,"attr",3710.74257,"*****"
"359","volere","impossessare",9144549,1640,1640,530.7,"attr",3701.16547,"*****"
"360","volere","ammazzare",9144549,4298,3333,1390.7,"attr",3698.63179,"*****"
"361","potere","intravedere",9562180,1706,1706,577.2,"attr",3697.73693,"*****"
"362","dovere","consegnare",9554798,16630,9455,5622.4,"attr",3689.99749,"*****"
"363","potere","derogare",9562180,1701,1701,575.5,"attr",3686.89889,"*****"
"364","volere","urlare",9144549,3745,3008,1211.8,"attr",3650.35688,"*****"
"365","dovere","sobbarcare",9554798,1681,1681,568.3,"attr",3646.14348,"*****"
"366","potere","percepire",9562180,6833,4758,2311.9,"attr",3637.13413,"*****"
"367","volere","dimostrare",9144549,68451,29697,22148.6,"attr",3634.49767,"*****"
"368","dovere","motivare",9554798,1671,1671,564.9,"attr",3624.452,"*****"
"369","potere","sfuggire",9562180,10528,6591,3562.1,"attr",3620.06974,"*****"
"370","potere","bastare",9562180,16719,9459,5656.8,"attr",3613.01021,"*****"
"371","potere","tollerare",9562180,4336,3390,1467.1,"attr",3580.18044,"*****"
"372","volere","ripercorrere",9144549,4384,3348,1418.5,"attr",3571.69891,"*****"
"373","volere","approcciare",9144549,1581,1581,511.6,"attr",3568.00688,"*****"
"374","dovere","cedere",9554798,20027,10898,6770.8,"attr",3566.2666,"*****"
"375","dovere","inventare",9554798,10396,6501,3514.7,"attr",3564.18625,"*****"
"376","volere","accennare",9144549,1575,1575,509.6,"attr",3554.46536,"*****"
"377","volere","emulare",9144549,1570,1570,508,"attr",3543.18076,"*****"
"378","volere","incontrare",9144549,50477,22748,16332.8,"attr",3538.01265,"*****"
"379","potere","sostare",9562180,1628,1628,550.8,"attr",3528.66397,"*****"
"380","volere","abortire",9144549,1538,1538,497.6,"attr",3470.95943,"*****"
"381","volere","sperimentare",9144549,20605,10766,6667.1,"attr",3467.94665,"*****"
"382","volere","specializzare",9144549,1527,1527,494.1,"attr",3446.13338,"*****"
"383","potere","comportare",9562180,39833,19150,13477.3,"attr",3433.69271,"*****"
"384","volere","evadere",9144549,1519,1519,491.5,"attr",3428.07808,"*****"
"385","dovere","figurare",9554798,1574,1574,532.1,"attr",3414.04534,"*****"
"386","volere","congratulare",9144549,1506,1506,487.3,"attr",3398.73824,"*****"
"387","potere","reggere",9562180,6832,4673,2311.6,"attr",3388.41869,"*****"
"388","potere","configurare",9562180,8955,5732,3029.9,"attr",3385.00861,"*****"
"389","dovere","smaltire",9554798,1555,1555,525.7,"attr",3372.83182,"*****"
"390","potere","riutilizzare",9562180,1556,1556,526.5,"attr",3372.59736,"*****"
"391","potere","imbattere",9562180,1554,1554,525.8,"attr",3368.26219,"*****"
"392","potere","desumere",9562180,3864,3065,1307.4,"attr",3364.82533,"*****"
"393","dovere","guardare",9554798,50125,23229,16946.5,"attr",3364.05656,"*****"
"394","dovere","accollare",9554798,1548,1548,523.4,"attr",3357.6479,"*****"
"395","volere","riprovare",9144549,3623,2867,1172.3,"attr",3350.17127,"*****"
"396","volere","divulgare",9144549,1471,1471,476,"attr",3319.74649,"*****"
"397","dovere","poggiare",9554798,1529,1529,516.9,"attr",3316.43445,"*****"
"398","dovere","inchinare",9554798,1523,1523,514.9,"attr",3303.41968,"*****"
"399","dovere","espiare",9554798,1522,1522,514.6,"attr",3301.25056,"*****"
"400","volere","ampliare",9144549,8670,5412,2805.3,"attr",3283.17252,"*****"
"401","volere","polemizzare",9144549,1453,1453,470.1,"attr",3279.12223,"*****"
"402","potere","sfogliare",9562180,1511,1511,511.2,"attr",3275.0561,"*****"
"403","dovere","notificare",9554798,1508,1508,509.8,"attr",3270.8828,"*****"
"404","volere","stravolgere",9144549,1446,1446,467.9,"attr",3263.32392,"*****"
"405","potere","interagire",9562180,9161,5779,3099.6,"attr",3254.69143,"*****"
"406","dovere","obbedire",9554798,3584,2873,1211.7,"attr",3247.73015,"*****"
"407","volere","andare",9144549,368102,135348,119106.3,"attr",3246.9,"*****"
"408","dovere","arrangiare",9554798,3703,2939,1251.9,"attr",3235.43262,"*****"
"409","volere","spaccare",9144549,1428,1428,462.1,"attr",3222.69973,"*****"
"410","potere","riassumere",9562180,9650,5996,3265,"attr",3211.40045,"*****"
"411","dovere","soccombere",9554798,1478,1478,499.7,"attr",3205.80911,"*****"
"412","volere","narrare",9144549,1418,1418,458.8,"attr",3200.13076,"*****"
"413","volere","allevare",9144549,1400,1400,453,"attr",3159.50664,"*****"
"414","potere","condizionare",9562180,3933,3052,1330.7,"attr",3158.8786,"*****"
"415","dovere","difendere",9554798,36821,17672,12448.6,"attr",3150.36911,"*****"
"416","volere","tornare",9144549,125032,49883,40456.5,"attr",3149.75582,"*****"
"417","volere","pubblicare",9144549,18053,9499,5841.4,"attr",3149.08797,"*****"
"418","potere","arrecare",9562180,3860,3008,1306,"attr",3148.8794,"*****"
"419","volere","contrapporre",9144549,1391,1391,450.1,"attr",3139.1946,"*****"
"420","volere","immortalare",9144549,1390,1390,449.8,"attr",3136.93771,"*****"
"421","potere","classificare",9562180,1442,1442,487.9,"attr",3125.49338,"*****"
"422","volere","aprire",9144549,69379,29476,22448.9,"attr",3117.54788,"*****"
"423","potere","celare",9562180,1437,1437,486.2,"attr",3114.65553,"*****"
"424","dovere","ripartire",9554798,15150,8479,5122,"attr",3111.09423,"*****"
"425","volere","insinuare",9144549,1378,1378,445.9,"attr",3109.85501,"*****"
"426","volere","generalizzare",9144549,1376,1376,445.2,"attr",3105.34123,"*****"
"427","dovere","restare",9554798,64194,28491,21703,"attr",3085.47505,"*****"
"428","potere","interferire",9562180,6309,4300,2134.6,"attr",3085.05044,"*****"
"429","dovere","spettare",9554798,1419,1419,479.7,"attr",3077.83123,"*****"
"430","potere","sviluppare",9562180,34513,16678,11677.3,"attr",3077.16059,"*****"
"431","potere","indurre",9562180,17795,9632,6020.9,"attr",3073.32823,"*****"
"432","potere","aspirare",9562180,4331,3246,1465.4,"attr",3056.14188,"*****"
"433","potere","ignorare",9562180,11079,6599,3748.5,"attr",3053.40149,"*****"
"434","dovere","apporre",9554798,1404,1404,474.7,"attr",3045.29455,"*****"
"435","volere","imitare",9144549,6150,4101,1989.9,"attr",3029.66523,"*****"
"436","dovere","rapportare",9554798,1396,1396,472,"attr",3027.94168,"*****"
"437","dovere","restituire",9554798,19536,10347,6604.8,"attr",3013.11912,"*****"
"438","volere","sopprimere",9144549,1335,1335,432,"attr",3012.80884,"*****"
"439","volere","rovinare",9144549,10502,6134,3398.1,"attr",2998.36509,"*****"
"440","dovere","recepire",9554798,1380,1380,466.6,"attr",2993.23594,"*****"
"441","volere","infierire",9144549,1314,1314,425.2,"attr",2965.4143,"*****"
"442","volere","esplorare",9144549,10478,6106,3390.4,"attr",2961.45835,"*****"
"443","volere","abbracciare",9144549,7781,4860,2517.7,"attr",2953.73245,"*****"
"444","dovere","assentare",9554798,1358,1358,459.1,"attr",2945.51562,"*****"
"445","potere","minare",9562180,1358,1358,459.5,"attr",2943.41791,"*****"
"446","dovere","confluire",9554798,1356,1356,458.4,"attr",2941.17741,"*****"
"447","volere","riaffermare",9144549,1302,1302,421.3,"attr",2938.33174,"*****"
"448","potere","resistere",9562180,12342,7124,4175.9,"attr",2937.81329,"*****"
"449","volere","chiudere",9144549,44603,19914,14432.1,"attr",2926.88641,"*****"
"450","potere","piacere",9562180,12952,7393,4382.3,"attr",2921.97047,"*****"
"451","dovere","rinunciare",9554798,61224,27139,20698.9,"attr",2912.21187,"*****"
"452","dovere","patire",9554798,1342,1342,453.7,"attr",2910.80997,"*****"
"453","volere","mollare",9144549,5936,3952,1920.7,"attr",2906.21428,"*****"
"454","potere","trasformare",9562180,37537,17747,12700.5,"attr",2889.33364,"*****"
"455","potere","svolgere",9562180,62351,27567,21096.2,"attr",2887.42282,"*****"
"456","dovere","asciugare",9554798,1331,1331,450,"attr",2886.94986,"*****"
"457","dovere","accertare",9554798,9997,6013,3379.8,"attr",2886.42727,"*****"
"458","potere","irritare",9562180,1331,1331,450.3,"attr",2884.89386,"*****"
"459","volere","innovare",9144549,1278,1278,413.5,"attr",2884.16667,"*****"
"460","volere","conquistare",9144549,12712,7055,4113.2,"attr",2876.72868,"*****"
"461","dovere","armare",9554798,1323,1323,447.3,"attr",2869.59706,"*****"
"462","volere","inaugurare",9144549,1271,1271,411.3,"attr",2868.36854,"*****"
"463","volere","rovesciare",9144549,1269,1269,410.6,"attr",2863.85479,"*****"
"464","potere","delegare",9562180,3453,2699,1168.3,"attr",2848.48409,"*****"
"465","potere","divenire",9562180,13538,7618,4580.5,"attr",2848.44568,"*****"
"466","dovere","pensare",9554798,116882,48248,39516,"attr",2838.24884,"*****"
"467","volere","enfatizzare",9144549,1256,1256,406.4,"attr",2834.51543,"*****"
"468","dovere","indovinare",9554798,1306,1306,441.5,"attr",2832.72239,"*****"
"469","dovere","custodire",9554798,1296,1296,438.2,"attr",2811.03143,"*****"
"470","volere","sfatare",9144549,1241,1241,401.5,"attr",2800.66236,"*****"
"471","dovere","saldare",9554798,1290,1290,436.1,"attr",2798.01686,"*****"
"472","dovere","rifare",9554798,19021,9986,6430.7,"attr",2795.66626,"*****"
"473","volere","organizzare",9144549,37490,17047,12130.6,"attr",2792.8668,"*****"
"474","dovere","mobilitare",9554798,1287,1287,435.1,"attr",2791.50958,"*****"
"475","potere","modificare",9562180,35456,16817,11996.4,"attr",2789.86991,"*****"
"476","volere","speculare",9144549,1236,1236,399.9,"attr",2789.37801,"*****"
"477","potere","giungere",9562180,15496,8454,5243,"attr",2788.28344,"*****"
"478","volere","riecheggiare",9144549,1229,1229,397.7,"attr",2773.57992,"*****"
"479","volere","intervistare",9144549,1228,1228,397.3,"attr",2771.32306,"*****"
"480","potere","degenerare",9562180,1277,1277,432.1,"attr",2767.84606,"*****"
"481","volere","allattare",9144549,1225,1225,396.4,"attr",2764.55245,"*****"
"482","potere","consentire",9562180,29807,14488,10085.1,"attr",2759.72471,"*****"
"483","volere","invadere",9144549,1220,1220,394.8,"attr",2753.26811,"*****"
"484","volere","demolire",9144549,1219,1219,394.4,"attr",2751.01125,"*****"
"485","volere","scongiurare",9144549,1218,1218,394.1,"attr",2748.75438,"*****"
"486","potere","personalizzare",9562180,7131,4583,2412.7,"attr",2741.74216,"*****"
"487","potere","infettare",9562180,1263,1263,427.3,"attr",2737.5004,"*****"
"488","dovere","indicare",9554798,49685,22430,16797.8,"attr",2736.89142,"*****"
"489","volere","persuadere",9144549,1201,1201,388.6,"attr",2710.38766,"*****"
"490","potere","arrivare",9562180,141813,57350,47981.9,"attr",2702.47138,"*****"
"491","dovere","pronunciare",9554798,8145,5050,2753.7,"attr",2690.45895,"*****"
"492","potere","incorrere",9562180,4082,3004,1381.1,"attr",2688.67837,"*****"
"493","volere","ottenere",9144549,108883,43359,35231.1,"attr",2688.16058,"*****"
"494","volere","affacciare",9144549,1190,1190,385,"attr",2685.56216,"*****"
"495","volere","approcciarsi",9144549,1188,1188,384.4,"attr",2681.04843,"*****"
"496","volere","sfondare",9144549,1184,1184,383.1,"attr",2672.02098,"*****"
"497","dovere","aggirare",9554798,4789,3368,1619.1,"attr",2654.04578,"*****"
"498","dovere","rincorrere",9554798,1223,1223,413.5,"attr",2652.68783,"*****"
"499","potere","prescrivere",9562180,3519,2682,1190.6,"attr",2643.6422,"*****"
"500","volere","arcare",9144549,1169,1169,378.3,"attr",2638.16807,"*****"
"501","volere","cavalcare",9144549,1169,1169,378.3,"attr",2638.16807,"*****"
"502","dovere","agire",9554798,33474,15862,11317.1,"attr",2627.38853,"*****"
"503","dovere","allineare",9554798,1207,1207,408.1,"attr",2617.98248,"*****"
"504","dovere","allarmare",9554798,1206,1206,407.7,"attr",2615.81339,"*****"
"505","dovere","scendere",9554798,27746,13511,9380.5,"attr",2608.93218,"*****"
"506","volere","svelare",9144549,7360,4520,2381.5,"attr",2605.1691,"*****"
"507","dovere","affrettare",9554798,1200,1200,405.7,"attr",2602.7989,"*****"
"508","potere","sfociare",9562180,3180,2478,1075.9,"attr",2593.72765,"*****"
"509","dovere","registrare",9554798,23377,11680,7903.4,"attr",2580.59259,"*****"
"510","dovere","rimboccare",9554798,1185,1185,400.6,"attr",2570.26268,"*****"
"511","dovere","ottemperare",9554798,1180,1180,398.9,"attr",2559.41728,"*****"
"512","volere","ammaestrare",9144549,1130,1130,365.6,"attr",2550.15065,"*****"
"513","volere","continuare",9144549,134075,52141,43382.5,"attr",2546.91906,"*****"
"514","dovere","caratterizzare",9554798,6288,4090,2125.9,"attr",2546.52874,"*****"
"515","volere","liberare",9144549,23272,11245,7530.1,"attr",2546.41655,"*****"
"516","volere","disfare",9144549,3127,2385,1011.8,"attr",2535.85716,"*****"
"517","potere","favorire",9562180,22699,11353,7680.1,"attr",2512.89403,"*****"
"518","dovere","accettare",9554798,46807,21059,15824.7,"attr",2509.96286,"*****"
"519","potere","turbare",9562180,1158,1158,391.8,"attr",2509.90882,"*****"
"520","volere","tentare",9144549,20606,10139,6667.5,"attr",2505.3528,"*****"
"521","potere","sfruttare",9562180,28820,13871,9751.1,"attr",2501.8786,"*****"
"522","volere","rivivere",9144549,6048,3847,1956.9,"attr",2472.26346,"*****"
"523","potere","rinvenire",9562180,1140,1140,385.7,"attr",2470.89327,"*****"
"524","dovere","riavviare",9554798,1137,1137,384.4,"attr",2466.14699,"*****"
"525","volere","restaurare",9144549,1092,1092,353.3,"attr",2464.3903,"*****"
"526","volere","rinnovare",9144549,12609,6785,4079.9,"attr",2459.82201,"*****"
"527","dovere","ripagare",9554798,1133,1133,383.1,"attr",2457.4707,"*****"
"528","volere","arredare",9144549,3132,2365,1013.4,"attr",2450.16433,"*****"
"529","volere","sovvenire",9144549,1076,1076,348.2,"attr",2428.28074,"*****"
"530","potere","passeggiare",9562180,3114,2397,1053.6,"attr",2427.23786,"*****"
"531","potere","autorizzare",9562180,4222,2998,1428.5,"attr",2425.33592,"*****"
"532","potere","aumentare",9562180,40174,18363,13592.7,"attr",2422.79185,"*****"
"533","volere","rimembrare",9144549,1073,1073,347.2,"attr",2421.5102,"*****"
"534","potere","omettere",9562180,1116,1116,377.6,"attr",2418.87261,"*****"
"535","dovere","disciplinare",9554798,1113,1113,376.3,"attr",2414.08927,"*****"
"536","dovere","intercorrere",9554798,1113,1113,376.3,"attr",2414.08927,"*****"
"537","potere","ritardare",9562180,1113,1113,376.6,"attr",2412.37003,"*****"
"538","potere","avvenire",9562180,86684,36262,29329.2,"attr",2404.62585,"*****"
"539","dovere","smontare",9554798,6016,3899,2033.9,"attr",2400.08132,"*****"
"540","dovere","sorgere",9554798,11886,6626,4018.5,"attr",2392.8955,"*****"
"541","volere","ricambiare",9144549,1059,1059,342.7,"attr",2389.91438,"*****"
"542","potere","attingere",9562180,6576,4168,2225,"attr",2383.83605,"*****"
"543","dovere","relazionare",9554798,1098,1098,371.2,"attr",2381.55323,"*****"
"544","volere","gridare",9144549,5229,3415,1691.9,"attr",2374.55771,"*****"
"545","potere","imputare",9562180,1090,1090,368.8,"attr",2362.51699,"*****"
"546","volere","preservare",9144549,5621,3593,1818.8,"attr",2343.5537,"*****"
"547","dovere","sacrificare",9554798,4571,3149,1545.4,"attr",2336.03089,"*****"
"548","potere","paragonare",9562180,6236,3983,2109.9,"attr",2335.59185,"*****"
"549","volere","allietare",9144549,1029,1029,333,"attr",2322.20914,"*****"
"550","dovere","presiedere",9554798,1068,1068,361.1,"attr",2316.48125,"*****"
"551","potere","individuare",9562180,21410,10665,7244,"attr",2312.24861,"*****"
"552","volere","appianare",9144549,1023,1023,331,"attr",2308.66811,"*****"
"553","potere","consigliare",9562180,17887,9180,6052,"attr",2306.08369,"*****"
"554","dovere","pentire",9554798,1062,1062,359,"attr",2303.46687,"*****"
"555","volere","ricreare",9144549,5317,3431,1720.4,"attr",2302.28962,"*****"
"556","volere","indagare",9144549,9261,5244,2996.6,"attr",2300.14438,"*****"
"557","volere","deludere",9144549,3092,2302,1000.5,"attr",2298.49067,"*****"
"558","volere","collaborare",9144549,15260,7798,4937.7,"attr",2285.67291,"*****"
"559","potere","valere",9562180,17925,9177,6064.9,"attr",2278.51268,"*****"
"560","potere","condurre",9562180,24024,11719,8128.4,"attr",2275.66913,"*****"
"561","dovere","allegare",9554798,6303,3989,2130.9,"attr",2274.65339,"*****"
"562","dovere","gravare",9554798,1048,1048,354.3,"attr",2273.1,"*****"
"563","potere","ostacolare",9562180,3485,2558,1179.1,"attr",2272.88226,"*****"
"564","potere","originare",9562180,1048,1048,354.6,"attr",2271.48118,"*****"
"565","volere","adorare",9144549,1005,1005,325.2,"attr",2268.04504,"*****"
"566","volere","chiamare",9144549,60742,25252,19654.2,"attr",2266.33719,"*****"
"567","volere","accreditare",9144549,1004,1004,324.9,"attr",2265.78821,"*****"
"568","potere","oscillare",9562180,1045,1045,353.6,"attr",2264.97863,"*****"
"569","volere","minimizzare",9144549,1003,1003,324.5,"attr",2263.53137,"*****"
"570","potere","nuotare",9562180,1041,1041,352.2,"attr",2256.30856,"*****"
"571","potere","rifiutare",9562180,10036,5724,3395.6,"attr",2255.18292,"*****"
"572","volere","strumentalizzare",9144549,999,999,323.2,"attr",2254.50403,"*****"
"573","potere","sorridere",9562180,1039,1039,351.5,"attr",2251.97353,"*****"
"574","volere","innalzare",9144549,997,997,322.6,"attr",2249.99036,"*****"
"575","potere","scaturire",9562180,5008,3342,1694.4,"attr",2249.24791,"*****"
"576","potere","coesistere",9562180,3124,2354,1057,"attr",2249.20451,"*****"
"577","volere","aderire",9144549,18173,8969,5880.2,"attr",2247.81916,"*****"
"578","dovere","contraddistinguere",9554798,1033,1033,349.2,"attr",2240.5641,"*****"
"579","volere","ambientare",9144549,992,992,321,"attr",2238.70619,"*****"
"580","dovere","finire",9554798,33390,15471,11288.7,"attr",2236.74413,"*****"
"581","volere","smantellare",9144549,989,989,320,"attr",2231.93569,"*****"
"582","potere","prenotare",9562180,17450,8941,5904.1,"attr",2228.43711,"*****"
"583","volere","comunicare",9144549,43880,18925,14198.2,"attr",2223.13804,"*****"
"584","volere","edificare",9144549,985,985,318.7,"attr",2222.90836,"*****"
"585","potere","minacciare",9562180,1019,1019,344.8,"attr",2208.62326,"*****"
"586","dovere","servire",9554798,63621,27206,21509.3,"attr",2203.89076,"*****"
"587","dovere","permanere",9554798,1016,1016,343.5,"attr",2203.69011,"*****"
"588","potere","fidare",9562180,12428,6758,4205,"attr",2198.19538,"*****"
"589","volere","abrogare",9144549,974,974,315.2,"attr",2198.08321,"*****"
"590","potere","avvantaggiare",9562180,1014,1014,343.1,"attr",2197.7857,"*****"
"591","potere","gioire",9562180,1014,1014,343.1,"attr",2197.7857,"*****"
"592","potere","sopravvivere",9562180,12245,6674,4143,"attr",2192.15395,"*****"
"593","dovere","cooperare",9554798,1010,1010,341.5,"attr",2190.67578,"*****"
"594","volere","erigere",9144549,970,970,313.9,"attr",2189.05589,"*****"
"595","dovere","sottoporre",9554798,24354,11776,8233.7,"attr",2187.56373,"*****"
"596","potere","supporre",9562180,4229,2923,1430.9,"attr",2186.02719,"*****"
"597","volere","suggerire",9144549,16241,8133,5255.1,"attr",2179.43888,"*****"
"598","volere","rinfrescare",9144549,965,965,312.2,"attr",2177.77174,"*****"
"599","dovere","ricominciare",9554798,11497,6330,3887,"attr",2173.79821,"*****"
"600","volere","simboleggiare",9144549,958,958,310,"attr",2161.97393,"*****"
"601","potere","inibire",9562180,996,996,337,"attr",2158.77051,"*****"
"602","potere","ledere",9562180,996,996,337,"attr",2158.77051,"*****"
"603","volere","massimizzare",9144549,954,954,308.7,"attr",2152.94662,"*****"
"604","volere","tributare",9144549,954,954,308.7,"attr",2152.94662,"*****"
"605","potere","simulare",9562180,993,993,336,"attr",2152.26798,"*****"
"606","potere","rilassare",9562180,11141,6163,3769.5,"attr",2151.94546,"*****"
"607","volere","picchiare",9144549,953,953,308.4,"attr",2150.68979,"*****"
"608","dovere","reinventare",9554798,989,989,334.4,"attr",2145.12563,"*****"
"609","volere","abusare",9144549,947,947,306.4,"attr",2137.14883,"*****"
"610","dovere","pazientare",9554798,984,984,332.7,"attr",2134.28037,"*****"
"611","dovere","ubbidire",9554798,984,984,332.7,"attr",2134.28037,"*****"
"612","volere","appestare",9144549,944,944,305.4,"attr",2130.37835,"*****"
"613","dovere","dotare",9554798,9634,5473,3257.1,"attr",2128.73198,"*****"
"614","volere","concedere",9144549,22654,10674,7330.1,"attr",2126.45779,"*****"
"615","volere","sedurre",9144549,942,942,304.8,"attr",2125.86469,"*****"
"616","potere","gareggiare",9562180,978,978,330.9,"attr",2119.75537,"*****"
"617","volere","coccolare",9144549,939,939,303.8,"attr",2119.09422,"*****"
"618","dovere","percorrere",9554798,19827,9852,6703.2,"attr",2116.16486,"*****"
"619","potere","congelare",9562180,976,976,330.2,"attr",2115.42035,"*****"
"620","volere","disdire",9144549,937,937,303.2,"attr",2114.58056,"*****"
"621","dovere","predisporre",9554798,6924,4216,2340.9,"attr",2111.82239,"*****"
"622","dovere","concentrare",9554798,21179,10408,7160.3,"attr",2110.25931,"*****"
"623","dovere","piovere",9554798,972,972,328.6,"attr",2108.25175,"*****"
"624","volere","ancorare",9144549,933,933,301.9,"attr",2105.55326,"*****"
"625","volere","privatizzare",9144549,933,933,301.9,"attr",2105.55326,"*****"
"626","potere","dubitare",9562180,2845,2158,962.6,"attr",2099.59951,"*****"
"627","potere","parcheggiare",9562180,3355,2436,1135.2,"attr",2099.53697,"*****"
"628","dovere","debuttare",9554798,966,966,326.6,"attr",2095.23745,"*****"
"629","volere","amplificare",9144549,927,927,299.9,"attr",2092.01232,"*****"
"630","potere","ridurre",9562180,39656,17815,13417.5,"attr",2090.55495,"*****"
"631","potere","legittimare",9562180,964,964,326.2,"attr",2089.41029,"*****"
"632","potere","indebolire",9562180,959,959,324.5,"attr",2078.57277,"*****"
"633","volere","litigare",9144549,918,918,297,"attr",2071.70091,"*****"
"634","dovere","ingoiare",9554798,955,955,322.9,"attr",2071.37791,"*****"
"635","volere","spacciare",9144549,917,917,296.7,"attr",2069.44408,"*****"
"636","potere","tramutare",9562180,950,950,321.4,"attr",2059.06523,"*****"
"637","volere","annegare",9144549,911,911,294.8,"attr",2055.90315,"*****"
"638","volere","buttare",9144549,14310,7255,4630.3,"attr",2054.24646,"*****"
"639","volere","sovvertire",9144549,910,910,294.4,"attr",2053.64633,"*****"
"640","volere","trombare",9144549,909,909,294.1,"attr",2051.38951,"*****"
"641","dovere","guidare",9554798,18464,9235,6242.4,"attr",2050.92375,"*****"
"642","potere","concorrere",9562180,8425,4886,2850.6,"attr",2050.49325,"*****"
"643","volere","arrogare",9144549,905,905,292.8,"attr",2042.36222,"*****"
"644","volere","seppellire",9144549,903,903,292.2,"attr",2037.84858,"*****"
"645","volere","esternare",9144549,901,901,291.5,"attr",2033.33494,"*****"
"646","volere","protestare",9144549,901,901,291.5,"attr",2033.33494,"*****"
"647","volere","aggregare",9144549,2930,2140,948.1,"attr",2031.49394,"*****"
"648","potere","rivalere",9562180,937,937,317,"attr",2030.88771,"*****"
"649","volere","illustrare",9144549,6646,3935,2150.4,"attr",2013.57578,"*****"
"650","volere","aggredire",9144549,892,892,288.6,"attr",2013.02357,"*****"
"651","potere","accomodare",9562180,926,926,313.3,"attr",2007.04521,"*****"
"652","dovere","ripassare",9554798,924,924,312.4,"attr",2004.13748,"*****"
"653","dovere","riorganizzare",9554798,923,923,312.1,"attr",2001.96844,"*****"
"654","volere","contraddire",9144549,887,887,287,"attr",2001.73947,"*****"
"655","dovere","imboccare",9554798,922,922,311.7,"attr",1999.79939,"*****"
"656","dovere","alzare",9554798,17041,8598,5761.3,"attr",1994.64954,"*****"
"657","potere","rimproverare",9562180,920,920,311.3,"attr",1994.04021,"*****"
"658","volere","appagare",9144549,880,880,284.7,"attr",1985.94175,"*****"
"659","potere","assimilare",9562180,916,916,309.9,"attr",1985.37022,"*****"
"660","volere","visitare",9144549,52019,21676,16831.7,"attr",1980.53239,"*****"
"661","potere","sbagliare",9562180,14319,7439,4844.8,"attr",1978.67541,"*****"
"662","dovere","coincidere",9554798,4982,3225,1684.3,"attr",1977.60049,"*****"
"663","dovere","risultare",9554798,64708,27310,21876.8,"attr",1974.77821,"*****"
"664","potere","esplicare",9562180,911,911,308.2,"attr",1974.53273,"*****"
"665","potere","rigenerare",9562180,910,910,307.9,"attr",1972.36523,"*****"
"666","dovere","interrompere",9554798,12880,6809,4354.5,"attr",1965.94863,"*****"
"667","volere","screditare",9144549,871,871,281.8,"attr",1965.6304,"*****"
"668","dovere","gestire",9554798,37026,16634,12517.9,"attr",1961.79286,"*****"
"669","potere","asserire",9562180,904,904,305.9,"attr",1959.36025,"*****"
"670","volere","cambiare",9144549,148044,55953,47902.4,"attr",1958.8038,"*****"
"671","potere","fungere",9562180,5083,3267,1719.8,"attr",1954.73057,"*****"
"672","dovere","sorvegliare",9554798,901,901,304.6,"attr",1954.24951,"*****"
"673","volere","giocare",9144549,69561,28053,22507.8,"attr",1951.8349,"*****"
"674","potere","necessitare",9562180,897,897,303.5,"attr",1944.18778,"*****"
"675","dovere","svoltare",9554798,896,896,302.9,"attr",1943.40431,"*****"
"676","volere","testare",9144549,8361,4665,2705.4,"attr",1939.52788,"*****"
"677","volere","ristabilire",9144549,858,858,277.6,"attr",1936.29181,"*****"
"678","dovere","rientrare",9554798,23002,11007,7776.6,"attr",1928.52524,"*****"
"679","volere","sterminare",9144549,854,854,276.3,"attr",1927.26456,"*****"
"680","volere","riformare",9144549,2889,2087,934.8,"attr",1924.03265,"*****"
"681","potere","competere",9562180,9797,5435,3314.8,"attr",1919.72655,"*****"
"682","potere","sospettare",9562180,884,884,299.1,"attr",1916.01035,"*****"
"683","volere","ballare",9144549,3259,2276,1054.5,"attr",1914.46443,"*****"
"684","volere","accarezzare",9144549,848,848,274.4,"attr",1913.72368,"*****"
"685","volere","recensire",9144549,848,848,274.4,"attr",1913.72368,"*****"
"686","volere","anticipare",9144549,11481,5987,3714.9,"attr",1912.22917,"*****"
"687","potere","manipolare",9562180,882,882,298.4,"attr",1911.67536,"*****"
"688","dovere","odiare",9554798,879,879,297.2,"attr",1906.53064,"*****"
"689","potere","scivolare",9562180,879,879,297.4,"attr",1905.17288,"*****"
"690","volere","intitolare",9144549,2781,2024,899.8,"attr",1903.38708,"*****"
"691","potere","attenuare",9562180,878,878,297.1,"attr",1903.00539,"*****"
"692","volere","ritrarre",9144549,843,843,272.8,"attr",1902.43962,"*****"
"693","potere","contaminare",9562180,877,877,296.7,"attr",1900.8379,"*****"
"694","volere","scomodare",9144549,842,842,272.4,"attr",1900.18281,"*****"
"695","dovere","meditare",9554798,876,876,296.2,"attr",1900.02353,"*****"
"696","potere","inficiare",9562180,875,875,296.1,"attr",1896.50291,"*****"
"697","volere","convincere",9144549,17039,8256,5513.3,"attr",1894.63745,"*****"
"698","volere","soffocare",9144549,839,839,271.5,"attr",1893.41237,"*****"
"699","volere","pernottare",9144549,836,836,270.5,"attr",1886.64194,"*****"
"700","potere","sciare",9562180,869,869,294,"attr",1883.49796,"*****"
"701","volere","salvare",9144549,41218,17549,13336.9,"attr",1882.83622,"*****"
"702","potere","prevenire",9562180,7595,4421,2569.7,"attr",1881.0613,"*****"
"703","potere","sanare",9562180,867,867,293.3,"attr",1879.16298,"*****"
"704","dovere","scartare",9554798,865,865,292.4,"attr",1876.16413,"*****"
"705","volere","soggiornare",9144549,5079,3150,1643.4,"attr",1872.55387,"*****"
"706","dovere","dimenticare",9554798,36511,16320,12343.8,"attr",1857.7494,"*****"
"707","potere","ingenerare",9562180,856,856,289.6,"attr",1855.32058,"*****"
"708","potere","riscaldare",9562180,856,856,289.6,"attr",1855.32058,"*****"
"709","potere","volere",9562180,6557,3928,2218.5,"attr",1854.63966,"*****"
"710","dovere","districare",9554798,852,852,288,"attr",1847.96668,"*****"
"711","volere","rinchiudere",9144549,817,817,264.4,"attr",1843.76257,"*****"
"712","potere","fornire",9562180,64422,27029,21796.9,"attr",1840.53154,"*****"
"713","volere","divorziare",9144549,815,815,263.7,"attr",1839.24895,"*****"
"714","dovere","atterrare",9554798,847,847,286.4,"attr",1837.12151,"*****"
"715","volere","ke",9144549,813,813,263.1,"attr",1834.73534,"*****"
"716","volere","appuntare",9144549,812,812,262.7,"attr",1832.47853,"*****"
"717","volere","tuffare",9144549,812,812,262.7,"attr",1832.47853,"*****"
"718","potere","intaccare",9562180,845,845,285.9,"attr",1831.4782,"*****"
"719","potere","riabbracciare",9562180,845,845,285.9,"attr",1831.4782,"*****"
"720","dovere","regnare",9554798,844,844,285.3,"attr",1830.61441,"*****"
"721","dovere","aggiustare",9554798,843,843,285,"attr",1828.44538,"*****"
"722","dovere","eseguire",9554798,28394,13085,9599.6,"attr",1827.66374,"*****"
"723","dovere","varare",9554798,842,842,284.7,"attr",1826.27634,"*****"
"724","volere","marcare",9144549,807,807,261.1,"attr",1821.1945,"*****"
"725","volere","umiliare",9144549,807,807,261.1,"attr",1821.1945,"*****"
"726","dovere","convergere",9554798,838,838,283.3,"attr",1817.60021,"*****"
"727","volere","schiacciare",9144549,801,801,259.2,"attr",1807.65366,"*****"
"728","dovere","scaldare",9554798,833,833,281.6,"attr",1806.75505,"*****"
"729","dovere","spogliare",9554798,833,833,281.6,"attr",1806.75505,"*****"
"730","potere","identificare",9562180,12063,6358,4081.5,"attr",1805.9396,"*****"
"731","volere","rapire",9144549,799,799,258.5,"attr",1803.14005,"*****"
"732","volere","laureare",9144549,798,798,258.2,"attr",1800.88325,"*****"
"733","dovere","fare",9554798,1781175,628198,602188.5,"attr",1799.82878,"*****"
"734","potere","telefonare",9562180,3774,2555,1276.9,"attr",1796.29697,"*****"
"735","potere","avverare",9562180,828,828,280.2,"attr",1794.63092,"*****"
"736","volere","ergere",9144549,792,792,256.3,"attr",1787.34242,"*****"
"737","volere","appiccicare",9144549,788,788,255,"attr",1778.3152,"*****"
"738","potere","quantificare",9562180,818,818,276.8,"attr",1772.95607,"*****"
"739","volere","appioppare",9144549,785,785,254,"attr",1771.54479,"*****"
"740","potere","appurare",9562180,816,816,276.1,"attr",1768.6211,"*****"
"741","volere","approntare",9144549,783,783,253.4,"attr",1767.03119,"*****"
"742","volere","gradire",9144549,783,783,253.4,"attr",1767.03119,"*****"
"743","dovere","intensificare",9554798,813,813,274.9,"attr",1763.37446,"*****"
"744","volere","affossare",9144549,779,779,252.1,"attr",1758.00398,"*****"
"745","volere","arrabbiare",9144549,779,779,252.1,"attr",1758.00398,"*****"
"746","dovere","accantonare",9554798,810,810,273.8,"attr",1756.86737,"*****"
"747","dovere","sbarcare",9554798,810,810,273.8,"attr",1756.86737,"*****"
"748","dovere","bilanciare",9554798,808,808,273.2,"attr",1752.52931,"*****"
"749","volere","invecchiare",9144549,775,775,250.8,"attr",1748.97677,"*****"
"750","volere","scacciare",9144549,775,775,250.8,"attr",1748.97677,"*****"
"751","dovere","desistere",9554798,806,806,272.5,"attr",1748.19126,"*****"
"752","potere","sortire",9562180,804,804,272,"attr",1742.6113,"*****"
"753","potere","risolvere",9562180,45987,19867,15559.5,"attr",1739.25449,"*****"
"754","potere","sovrapporre",9562180,801,801,271,"attr",1736.10885,"*****"
"755","volere","rilanciare",9144549,6661,3812,2155.3,"attr",1736.0285,"*****"
"756","volere","proteggere",9144549,21119,9736,6833.4,"attr",1723.67931,"*****"
"757","dovere","ricomprare",9554798,794,794,268.4,"attr",1722.16294,"*****"
"758","volere","distaccare",9144549,763,763,246.9,"attr",1721.89516,"*****"
"759","volere","accaparrare",9144549,761,761,246.2,"attr",1717.38156,"*****"
"760","volere","arrischiare",9144549,761,761,246.2,"attr",1717.38156,"*****"
"761","dovere","accudire",9554798,791,791,267.4,"attr",1715.65586,"*****"
"762","dovere","sancire",9554798,791,791,267.4,"attr",1715.65586,"*****"
"763","dovere","sussistere",9554798,6032,3616,2039.3,"attr",1715.16327,"*****"
"764","volere","affondare",9144549,760,760,245.9,"attr",1715.12476,"*****"
"765","volere","attirare",9144549,7143,4014,2311.3,"attr",1712.84694,"*****"
"766","potere","assaporare",9562180,5811,3512,1966.1,"attr",1710.53807,"*****"
"767","dovere","stilare",9554798,788,788,266.4,"attr",1709.14878,"*****"
"768","dovere","valere",9554798,17925,8748,6060.2,"attr",1708.95442,"*****"
"769","volere","esporre",9144549,14068,6920,4552,"attr",1707.14425,"*****"
"770","potere","agganciare",9562180,787,787,266.3,"attr",1705.76411,"*****"
"771","volere","censurare",9144549,755,755,244.3,"attr",1703.84077,"*****"
"772","volere","velocizzare",9144549,754,754,244,"attr",1701.58397,"*****"
"773","dovere","convivere",9554798,8360,4670,2826.4,"attr",1700.22081,"*****"
"774","dovere","ispirare",9554798,9075,4987,3068.1,"attr",1699.11478,"*****"
"775","volere","raffigurare",9144549,752,752,243.3,"attr",1697.07037,"*****"
"776","volere","scuotere",9144549,752,752,243.3,"attr",1697.07037,"*****"
"777","potere","filtrare",9562180,782,782,264.6,"attr",1694.92671,"*****"
"778","dovere","pronosticare",9554798,781,781,264,"attr",1693.96561,"*****"
"779","potere","navigare",9562180,5596,3403,1893.4,"attr",1693.40705,"*****"
"780","dovere","interrogare",9554798,6308,3731,2132.6,"attr",1686.82742,"*****"
"781","potere","risollevare",9562180,778,778,263.2,"attr",1686.25679,"*****"
"782","dovere","riconsiderare",9554798,777,777,262.7,"attr",1685.28952,"*****"
"783","volere","azzerare",9144549,746,746,241.4,"attr",1683.52959,"*****"
"784","volere","seminare",9144549,746,746,241.4,"attr",1683.52959,"*****"
"785","potere","crollare",9562180,776,776,262.6,"attr",1681.92184,"*****"
"786","dovere","traslocare",9554798,775,775,262,"attr",1680.95147,"*****"
"787","volere","analizzare",9144549,13291,6583,4300.6,"attr",1677.19373,"*****"
"788","dovere","assolvere",9554798,4679,2956,1581.9,"attr",1675.81132,"*****"
"789","potere","raggruppare",9562180,772,772,261.2,"attr",1673.25192,"*****"
"790","volere","peccare",9144549,741,741,239.8,"attr",1672.2456,"*****"
"791","potere","comprendere",9562180,37877,16651,12815.5,"attr",1669.72303,"*****"
"792","dovere","volgere",9554798,769,769,260,"attr",1667.93733,"*****"
"793","volere","distogliere",9144549,739,739,239.1,"attr",1667.73201,"*****"
"794","volere","rinnegare",9144549,739,739,239.1,"attr",1667.73201,"*****"
"795","potere","incappare",9562180,768,768,259.8,"attr",1664.58201,"*****"
"796","volere","alleggerire",9144549,737,737,238.5,"attr",1663.21842,"*****"
"797","dovere","provenire",9554798,5921,3539,2001.8,"attr",1661.17719,"*****"
"798","volere","istruire",9144549,736,736,238.1,"attr",1660.96162,"*****"
"799","potere","evolvere",9562180,4932,3068,1668.7,"attr",1649.22455,"*****"
"800","volere","ammodernare",9144549,730,730,236.2,"attr",1647.42085,"*****"
"801","volere","scommettere",9144549,5870,3414,1899.3,"attr",1644.42338,"*****"
"802","dovere","specificare",9554798,10690,5658,3614.1,"attr",1642.16833,"*****"
"803","dovere","discostare",9554798,757,757,255.9,"attr",1641.90907,"*****"
"804","dovere","chinare",9554798,752,752,254.2,"attr",1631.06397,"*****"
"805","volere","espellere",9144549,721,721,233.3,"attr",1627.1097,"*****"
"806","dovere","ammontare",9554798,750,750,253.6,"attr",1626.72593,"*****"
"807","volere","presenziare",9144549,719,719,232.6,"attr",1622.59612,"*****"
"808","dovere","rialzare",9554798,748,748,252.9,"attr",1622.38789,"*****"
"809","volere","violentare",9144549,718,718,232.3,"attr",1620.33932,"*****"
"810","potere","archiviare",9562180,747,747,252.7,"attr",1619.06501,"*****"
"811","dovere","puntare",9554798,28381,12868,9595.2,"attr",1615.63697,"*****"
"812","dovere","procurare",9554798,9433,5094,3189.2,"attr",1613.31051,"*****"
"813","volere","illudere",9144549,4433,2740,1434.4,"attr",1611.46108,"*****"
"814","volere","incastrare",9144549,714,714,231,"attr",1611.31215,"*****"
"815","potere","occorrere",9562180,743,743,251.4,"attr",1610.39511,"*****"
"816","volere","esaltare",9144549,3993,2531,1292,"attr",1609.22453,"*****"
"817","volere","diversificare",9144549,713,713,230.7,"attr",1609.05536,"*****"
"818","potere","acquistare",9562180,83565,33825,28273.9,"attr",1606.66181,"*****"
"819","dovere","destreggiare",9554798,740,740,250.2,"attr",1605.03574,"*****"
"820","volere","accentuare",9144549,711,711,230.1,"attr",1604.54177,"*****"
"821","volere","approssimare",9144549,711,711,230.1,"attr",1604.54177,"*****"
"822","dovere","espletare",9554798,737,737,249.2,"attr",1598.52868,"*****"
"823","potere","creare",9562180,120386,47349,40732.1,"attr",1593.50095,"*****"
"824","volere","riportare",9144549,31723,13660,10264.6,"attr",1586.42655,"*****"
"825","volere","avventurare",9144549,2503,1782,809.9,"attr",1579.67786,"*****"
"826","volere","cogliere",9144549,21399,9718,6924,"attr",1579.53875,"*****"
"827","dovere","dimostrare",9554798,68451,28129,23142.3,"attr",1578.85961,"*****"
"828","potere","sfiorare",9562180,728,728,246.3,"attr",1577.88302,"*****"
"829","potere","considerare",9562180,88950,35765,30095.9,"attr",1576.10945,"*****"
"830","dovere","riconsegnare",9554798,726,726,245.4,"attr",1574.66949,"*****"
"831","potere","rivolgere",9562180,57166,23892,19341.9,"attr",1569.13613,"*****"
"832","potere","infastidire",9562180,723,723,244.6,"attr",1567.04566,"*****"
"833","potere","riciclare",9562180,722,722,244.3,"attr",1564.87819,"*****"
"834","dovere","reinstallare",9554798,720,720,243.4,"attr",1561.65539,"*****"
"835","potere","addebitare",9562180,720,720,243.6,"attr",1560.54324,"*****"
"836","potere","sognare",9562180,4415,2781,1493.8,"attr",1558.39005,"*****"
"837","potere","ripercuotere",9562180,718,718,242.9,"attr",1556.2083,"*****"
"838","volere","sfidare",9144549,7025,3881,2273.1,"attr",1555.49761,"*****"
"839","dovere","sporgere",9554798,717,717,242.4,"attr",1555.14835,"*****"
"840","dovere","consentire",9554798,29807,13362,10077.3,"attr",1551.9485,"*****"
"841","potere","aggiudicare",9562180,716,716,242.3,"attr",1551.87336,"*****"
"842","potere","lamentare",9562180,6303,3664,2132.6,"attr",1551.1167,"*****"
"843","potere","estinguere",9562180,714,714,241.6,"attr",1547.53842,"*****"
"844","dovere","mediare",9554798,706,706,238.7,"attr",1531.28919,"*****"
"845","potere","significare",9562180,21142,9908,7153.3,"attr",1529.27171,"*****"
"846","dovere","funzionare",9554798,26590,12066,8989.7,"attr",1523.34562,"*****"
"847","dovere","scandalizzare",9554798,696,696,235.3,"attr",1509.59906,"*****"
"848","dovere","incarnare",9554798,694,694,234.6,"attr",1505.26103,"*****"
"849","dovere","esplicitare",9554798,690,690,233.3,"attr",1496.58499,"*****"
"850","dovere","limitare",9554798,30332,13507,10254.8,"attr",1496.42227,"*****"
"851","volere","allontanare",9144549,13241,6433,4284.4,"attr",1495.54063,"*****"
"852","dovere","ricadere",9554798,3658,2383,1236.7,"attr",1490.78665,"*****"
"853","dovere","presupporre",9554798,687,687,232.3,"attr",1490.07795,"*****"
"854","dovere","cuocere",9554798,4144,2615,1401,"attr",1476.88451,"*****"
"855","dovere","appartenere",9554798,8203,4468,2773.3,"attr",1467.24187,"*****"
"856","dovere","sparire",9554798,5261,3139,1778.7,"attr",1464.21504,"*****"
"857","volere","privare",9144549,4761,2828,1540.5,"attr",1462.59792,"*****"
"858","volere","menzionare",9144549,4198,2568,1358.3,"attr",1461.52511,"*****"
"859","potere","risentire",9562180,2652,1859,897.3,"attr",1448.72169,"*****"
"860","potere","alleviare",9562180,3066,2071,1037.4,"attr",1446.09027,"*****"
"861","volere","ridere",9144549,2950,1962,954.5,"attr",1438.38097,"*****"
"862","volere","morire",9144549,37068,15471,11994,"attr",1430.66231,"*****"
"863","dovere","muovere",9554798,31592,13923,10680.8,"attr",1429.9943,"*****"
"864","dovere","uscire",9554798,69208,28154,23398.2,"attr",1422.44374,"*****"
"865","dovere","esibire",9554798,7048,3931,2382.8,"attr",1422.26836,"*****"
"866","volere","riprendere",9144549,30658,13072,9920,"attr",1416.65695,"*****"
"867","volere","denunciare",9144549,8884,4594,2874.6,"attr",1416.39594,"*****"
"868","dovere","terminare",9554798,9070,4814,3066.4,"attr",1414.51061,"*****"
"869","dovere","coprire",9554798,14266,7000,4823.1,"attr",1407.4124,"*****"
"870","volere","dipingere",9144549,4438,2655,1436,"attr",1405.86126,"*****"
"871","dovere","approvare",9554798,8681,4638,2934.9,"attr",1402.71321,"*****"
"872","potere","mutare",9562180,3598,2319,1217.4,"attr",1399.8696,"*****"
"873","potere","facilitare",9562180,5837,3374,1974.9,"attr",1398.48702,"*****"
"874","potere","riguardare",9562180,24427,11090,8264.8,"attr",1398.09262,"*****"
"875","potere","giustificare",9562180,14463,7074,4893.5,"attr",1393.1259,"*****"
"876","potere","annoverare",9562180,4114,2550,1392,"attr",1354.32806,"*****"
"877","potere","opporre",9562180,9723,5055,3289.7,"attr",1348.91002,"*****"
"878","volere","trasferire",9144549,19168,8638,6202.2,"attr",1341.6589,"*****"
"879","volere","migliorare",9144549,48950,19672,15838.7,"attr",1325.17573,"*****"
"880","volere","replicare",9144549,6116,3363,1978.9,"attr",1324.34383,"*****"
"881","volere","focalizzare",9144549,4375,2588,1415.6,"attr",1320.13665,"*****"
"882","dovere","operare",9554798,32022,13960,10826.2,"attr",1320.0304,"*****"
"883","potere","scambiare",9562180,7915,4252,2678,"attr",1313.138,"*****"
"884","potere","consistere",9562180,7291,3978,2466.9,"attr",1312.05284,"*****"
"885","potere","consolare",9562180,2894,1931,979.2,"attr",1298.97076,"*****"
"886","volere","perseguire",9144549,10434,5155,3376.1,"attr",1297.99262,"*****"
"887","dovere","sottovalutare",9554798,2664,1812,900.7,"attr",1294.07184,"*****"
"888","volere","informare",9144549,21890,9634,7082.9,"attr",1293.15436,"*****"
"889","dovere","pesare",9554798,4324,2621,1461.9,"attr",1292.3673,"*****"
"890","volere","salvaguardare",9144549,4173,2481,1350.3,"attr",1287.00935,"*****"
"891","dovere","sospendere",9554798,6828,3750,2308.4,"attr",1274.46693,"*****"
"892","volere","conservare",9144549,20115,8938,6508.6,"attr",1274.37928,"*****"
"893","potere","tradurre",9562180,13945,6761,4718.2,"attr",1269.38375,"*****"
"894","volere","riconquistare",9144549,2598,1727,840.6,"attr",1264.20006,"*****"
"895","dovere","cominciare",9554798,37924,16133,12821.5,"attr",1249.04687,"*****"
"896","volere","osare",9144549,5559,3076,1798.7,"attr",1240.13186,"*****"
"897","volere","cacciare",9144549,5404,3007,1748.6,"attr",1237.67459,"*****"
"898","volere","affittare",9144549,3800,2287,1229.6,"attr",1235.00306,"*****"
"899","dovere","pulire",9554798,6305,3495,2131.6,"attr",1233.55124,"*****"
"900","potere","praticare",9562180,12944,6316,4379.6,"attr",1227.9351,"*****"
"901","potere","recedere",9562180,2681,1794,907.1,"attr",1217.40094,"*****"
"902","dovere","informare",9554798,21890,9892,7400.7,"attr",1214.02779,"*****"
"903","dovere","comparire",9554798,10553,5307,3567.8,"attr",1210.89282,"*****"
"904","dovere","firmare",9554798,10329,5210,3492.1,"attr",1206.6704,"*****"
"905","volere","perfezionare",9144549,2602,1708,841.9,"attr",1205.3517,"*****"
"906","dovere","concludere",9554798,34582,14798,11691.7,"attr",1204.17599,"*****"
"907","volere","tradire",9144549,2764,1784,894.3,"attr",1197.83671,"*****"
"908","volere","coinvolgere",9144549,19002,8434,6148.5,"attr",1194.12157,"*****"
"909","volere","scusare",9144549,7066,3688,2286.3,"attr",1182.1141,"*****"
"910","volere","installare",9144549,22447,9728,7263.1,"attr",1179.95295,"*****"
"911","dovere","sommare",9554798,2347,1606,793.5,"attr",1167.6918,"*****"
"912","potere","formare",9562180,17987,8302,6085.8,"attr",1165.51746,"*****"
"913","potere","distinguere",9562180,17760,8209,6009,"attr",1163.00202,"*****"
"914","potere","guarire",9562180,6872,3705,2325.1,"attr",1161.98261,"*****"
"915","dovere","soffrire",9554798,10887,5405,3680.7,"attr",1155.36384,"*****"
"916","potere","prevedere",9562180,38914,16386,13166.4,"attr",1152.12357,"*****"
"917","volere","offrire",9144549,79623,30295,25763.5,"attr",1149.77488,"*****"
"918","dovere","spostare",9554798,26501,11621,8959.6,"attr",1149.21811,"*****"
"919","potere","sintetizzare",9562180,4451,2612,1506,"attr",1144.96137,"*****"
"920","volere","forzare",9144549,4720,2657,1527.2,"attr",1140.82081,"*****"
"921","volere","fotografare",9144549,4770,2676,1543.4,"attr",1134.8581,"*****"
"922","volere","testimoniare",9144549,9435,4632,3052.9,"attr",1132.01045,"*****"
"923","potere","ritrovare",9562180,24746,10923,8372.7,"attr",1128.7731,"*****"
"924","potere","noleggiare",9562180,3953,2373,1337.5,"attr",1128.60659,"*****"
"925","volere","esportare",9144549,3365,2039,1088.8,"attr",1125.60872,"*****"
"926","potere","comparire",9562180,10553,5246,3570.6,"attr",1124.9801,"*****"
"927","volere","assomigliare",9144549,4335,2477,1402.7,"attr",1121.78031,"*****"
"928","volere","candidare",9144549,8971,4430,2902.7,"attr",1112.80383,"*****"
"929","potere","ordinare",9562180,11738,5723,3971.5,"attr",1107.83686,"*****"
"930","potere","iscrivere",9562180,28907,12495,9780.6,"attr",1097.99566,"*****"
"931","dovere","trattare",9554798,39455,16488,13339.1,"attr",1088.37851,"*****"
"932","dovere","preferire",9554798,3314,2052,1120.4,"attr",1088.16906,"*****"
"933","dovere","misurare",9554798,16353,7565,5528.7,"attr",1082.15996,"*****"
"934","volere","diffondere",9144549,9318,4548,3015,"attr",1081.01119,"*****"
"935","volere","fuggire",9144549,10179,4878,3293.6,"attr",1059.59993,"*****"
"936","dovere","applicare",9554798,37942,15872,12827.6,"attr",1057.70763,"*****"
"937","potere","soddisfare",9562180,21984,9763,7438.2,"attr",1054.86621,"*****"
"938","volere","insegnare",9144549,23647,10036,7651.4,"attr",1051.62901,"*****"
"939","volere","raccomandare",9144549,2344,1526,758.4,"attr",1051.10439,"*****"
"940","dovere","adottare",9554798,27971,12056,9456.6,"attr",1041.22133,"*****"
"941","dovere","morire",9554798,37068,15513,12532.1,"attr",1037.84753,"*****"
"942","volere","riscattare",9144549,4779,2629,1546.3,"attr",1036.98523,"*****"
"943","potere","inviare",9562180,47085,19272,15931,"attr",1029.83625,"*****"
"944","volere","allargare",9144549,7409,3725,2397.3,"attr",1015.94791,"*****"
"945","dovere","lavare",9554798,7670,3948,2593.1,"attr",1008.48212,"*****"
"946","volere","ottimizzare",9144549,2942,1791,951.9,"attr",1003.61484,"*****"
"947","dovere","selezionare",9554798,13497,6339,4563.1,"attr",995.21056,"*****"
"948","volere","avvisare",9144549,4687,2563,1516.6,"attr",988.32999,"*****"
"949","volere","cantare",9144549,8752,4247,2831.9,"attr",981.46188,"*****"
"950","volere","rivedere",9144549,19898,8553,6438.4,"attr",980.81664,"*****"
"951","dovere","durare",9554798,25012,10841,8456.2,"attr",979.20811,"*****"
"952","volere","sottoporre",9144549,24354,10210,7880.2,"attr",976.58057,"*****"
"953","volere","semplificare",9144549,4263,2371,1379.4,"attr",974.18464,"*****"
"954","dovere","esistere",9554798,27717,11867,9370.7,"attr",969.93829,"*****"
"955","volere","dominare",9144549,4722,2565,1527.9,"attr",964.23927,"*****"
"956","volere","strappare",9144549,4247,2358,1374.2,"attr",962.64293,"*****"
"957","dovere","studiare",9554798,26700,11467,9026.9,"attr",961.63032,"*****"
"958","potere","sottrarre",9562180,12629,5960,4273,"attr",959.06127,"*****"
"959","potere","garantire",9562180,69476,27383,23506.9,"attr",945.4327,"*****"
"960","potere","udire",9562180,2449,1572,828.6,"attr",936.55483,"*****"
"961","dovere","emettere",9554798,6313,3315,2134.3,"attr",928.4832,"*****"
"962","dovere","ricercare",9554798,6764,3505,2286.8,"attr",923.78364,"*****"
"963","volere","catturare",9144549,5929,3051,1918.4,"attr",921.23029,"*****"
"964","volere","sprecare",9144549,3189,1867,1031.9,"attr",919.65829,"*****"
"965","dovere","eleggere",9554798,2314,1496,782.3,"attr",913.53499,"*****"
"966","volere","alleare",9144549,2084,1348,674.3,"attr",910.89111,"*****"
"967","dovere","includere",9554798,18337,8172,6199.5,"attr",910.08564,"*****"
"968","potere","salvare",9562180,41218,16883,13946,"attr",908.86855,"*****"
"969","dovere","assicurare",9554798,39958,16381,13509.2,"attr",896.38088,"*****"
"970","dovere","indossare",9554798,14598,6669,4935.4,"attr",880.03891,"*****"
"971","potere","sperare",9562180,20163,8847,6822.1,"attr",873.92969,"*****"
"972","dovere","incassare",9554798,2572,1601,869.6,"attr",864.1714,"*****"
"973","dovere","destare",9554798,2468,1548,834.4,"attr",856.97501,"*****"
"974","volere","mangiare",9144549,46112,17894,14920.4,"attr",851.14604,"*****"
"975","volere","dormire",9144549,14856,6511,4806.9,"attr",850.48932,"*****"
"976","volere","ristrutturare",9144549,3622,2026,1172,"attr",850.00836,"*****"
"977","potere","conseguire",9562180,9684,4667,3276.5,"attr",847.37618,"*****"
"978","potere","accogliere",9562180,19235,8454,6508.1,"attr",845.77152,"*****"
"979","volere","insistere",9144549,6643,3295,2149.5,"attr",844.89583,"*****"
"980","potere","impugnare",9562180,2002,1314,677.4,"attr",839.99803,"*****"
"981","volere","disturbare",9144549,5084,2640,1645,"attr",828.29036,"*****"
"982","potere","assorbire",9562180,3258,1907,1102.3,"attr",828.04432,"*****"
"983","volere","espandere",9144549,5292,2722,1712.3,"attr",820.31552,"*****"
"984","dovere","disputare",9554798,2543,1568,859.8,"attr",819.76075,"*****"
"985","dovere","ripensare",9554798,4259,2353,1439.9,"attr",819.26467,"*****"
"986","dovere","reagire",9554798,8676,4227,2933.2,"attr",817.93965,"*****"
"987","potere","confermare",9562180,20549,8924,6952.7,"attr",813.87559,"*****"
"988","potere","prelevare",9562180,3735,2115,1263.7,"attr",810.25283,"*****"
"989","volere","costringere",9144549,6607,3253,2137.8,"attr",805.82275,"*****"
"990","dovere","elaborare",9554798,6224,3195,2104.2,"attr",805.64693,"*****"
"991","volere","sporcare",9144549,1926,1232,623.2,"attr",805.19905,"*****"
"992","volere","spezzare",9144549,5265,2700,1703.6,"attr",803.28029,"*****"
"993","dovere","riportare",9554798,31723,13149,10725.1,"attr",802.84088,"*****"
"994","potere","esplodere",9562180,2019,1307,683.1,"attr",799.99511,"*****"
"995","potere","deliberare",9562180,2982,1764,1008.9,"attr",796.04065,"*****"
"996","dovere","inseguire",9554798,2256,1418,762.7,"attr",790.45974,"*****"
"997","dovere","tagliare",9554798,16191,7185,5473.9,"attr",775.95135,"*****"
"998","volere","vincere",9144549,45075,17388,14584.9,"attr",774.47347,"*****"
"999","dovere","insistere",9554798,6643,3348,2245.9,"attr",772.14546,"*****"
"1000","dovere","partorire",9554798,1991,1281,673.1,"attr",770.3249,"*****"
"1001","potere","ricondurre",9562180,4915,2612,1663,"attr",769.45582,"*****"
"1002","dovere","scomparire",9554798,4387,2378,1483.2,"attr",765.10904,"*****"
"1003","volere","sfogare",9144549,2340,1409,757.2,"attr",762.04667,"*****"
"1004","volere","tutelare",9144549,13315,5832,4308.3,"attr",758.68554,"*****"
"1005","volere","criticare",9144549,4779,2465,1546.3,"attr",751.73968,"*****"
"1006","potere","penetrare",9562180,3953,2179,1337.5,"attr",749.72865,"*****"
"1007","volere","convertire",9144549,8496,3957,2749,"attr",740.70223,"*****"
"1008","volere","separare",9144549,8938,4128,2892.1,"attr",737.93543,"*****"
"1009","dovere","emigrare",9554798,2112,1326,714,"attr",736.43703,"*****"
"1010","volere","rilassare",9144549,11141,4978,3604.9,"attr",734.20298,"*****"
"1011","potere","procedere",9562180,60057,23489,20320.1,"attr",731.6511,"*****"
"1012","dovere","certificare",9554798,2227,1376,752.9,"attr",724.42601,"*****"
"1013","dovere","esaminare",9554798,9548,4497,3228,"attr",717.9619,"*****"
"1014","volere","stringere",9144549,7320,3473,2368.5,"attr",716.88681,"*****"
"1015","dovere","piegare",9554798,6370,3191,2153.6,"attr",713.93447,"*****"
"1016","dovere","maturare",9554798,2788,1633,942.6,"attr",712.43322,"*****"
"1017","volere","assaggiare",9144549,9099,4161,2944.2,"attr",703.62428,"*****"
"1018","volere","gettare",9144549,6983,3326,2259.5,"attr",700.34887,"*****"
"1019","volere","rafforzare",9144549,8242,3821,2666.9,"attr",697.45032,"*****"
"1020","potere","erogare",9562180,3172,1796,1073.2,"attr",687.7423,"*****"
"1021","dovere","adempiere",9554798,4380,2325,1480.8,"attr",683.3878,"*****"
"1022","volere","bere",9144549,14739,6286,4769.1,"attr",682.04501,"*****"
"1023","volere","abbattere",9144549,7864,3657,2544.5,"attr",678.82241,"*****"
"1024","dovere","regolare",9554798,9385,4395,3172.9,"attr",677.92572,"*****"
"1025","potere","trasportare",9562180,6806,3344,2302.8,"attr",674.48839,"*****"
"1026","volere","argomentare",9144549,1852,1145,599.2,"attr",673.88023,"*****"
"1027","dovere","accompagnare",9554798,18359,7899,6206.9,"attr",672.12879,"*****"
"1028","volere","sottomettere",9144549,3217,1755,1040.9,"attr",670.64548,"*****"
"1029","potere","toccare",9562180,21424,9067,7248.7,"attr",666.5443,"*****"
"1030","dovere","bastare",9554798,16719,7260,5652.4,"attr",665.26025,"*****"
"1031","dovere","emanare",9554798,2394,1427,809.4,"attr",663.25782,"*****"
"1032","dovere","ragionare",9554798,8902,4184,3009.6,"attr",659.68659,"*****"
"1033","potere","impostare",9562180,11831,5353,4003,"attr",659.10948,"*****"
"1034","potere","colpire",9562180,18468,7926,6248.6,"attr",656.71486,"*****"
"1035","potere","arricchire",9562180,8450,3999,2859,"attr",654.16568,"*****"
"1036","dovere","calare",9554798,3681,2002,1244.5,"attr",653.26159,"*****"
"1037","potere","gestire",9562180,37026,14882,12527.6,"attr",651.86295,"*****"
"1038","dovere","tutelare",9554798,13315,5924,4501.6,"attr",651.74714,"*****"
"1039","potere","eccedere",9562180,3083,1735,1043.1,"attr",648.70934,"*****"
"1040","dovere","preparare",9554798,40632,16190,13737.1,"attr",645.83659,"*****"
"1041","potere","formulare",9562180,5296,2692,1791.9,"attr",645.30982,"*****"
"1042","volere","evocare",9144549,2634,1487,852.3,"attr",645.05048,"*****"
"1043","dovere","curare",9554798,15819,6886,5348.2,"attr",643.20283,"*****"
"1044","dovere","rilevare",9554798,14867,6516,5026.3,"attr",641.58529,"*****"
"1045","dovere","effettuare",9554798,65512,25241,22148.6,"attr",640.43692,"*****"
"1046","dovere","scavare",9554798,2525,1476,853.7,"attr",639.21839,"*****"
"1047","potere","apportare",9562180,10068,4634,3406.5,"attr",638.88345,"*****"
"1048","dovere","battere",9554798,11031,5011,3729.4,"attr",636.82842,"*****"
"1049","potere","combinare",9562180,4312,2267,1458.9,"attr",636.48972,"*****"
"1050","potere","abbinare",9562180,6600,3228,2233.1,"attr",635.38886,"*****"
"1051","dovere","lasciare",9554798,125531,46686,42440.1,"attr",634.88762,"*****"
"1052","potere","rilevare",9562180,14867,6510,5030.2,"attr",633.04734,"*****"
"1053","potere","escludere",9562180,21446,9026,7256.2,"attr",631.35088,"*****"
"1054","potere","progredire",9562180,1949,1203,659.4,"attr",629.88302,"*****"
"1055","potere","attivare",9562180,21223,8934,7180.7,"attr",626.08599,"*****"
"1056","dovere","abbassare",9554798,8302,3909,2806.8,"attr",622.96435,"*****"
"1057","volere","staccare",9144549,9449,4217,3057.4,"attr",617.44606,"*****"
"1058","potere","concordare",9562180,4183,2198,1415.3,"attr",615.62134,"*****"
"1059","potere","esaurire",9562180,2533,1467,857,"attr",612.40256,"*****"
"1060","potere","associare",9562180,8586,4015,2905,"attr",611.26032,"*****"
"1061","dovere","depositare",9554798,4536,2344,1533.6,"attr",609.82386,"*****"
"1062","potere","accusare",9562180,3061,1702,1035.7,"attr",606.57365,"*****"
"1063","potere","assaggiare",9562180,9099,4215,3078.6,"attr",605.32347,"*****"
"1064","volere","ritornare",9144549,21458,8656,6943.1,"attr",602.61281,"*****"
"1065","volere","stupire",9144549,12964,5530,4194.7,"attr",600.76451,"*****"
"1066","potere","compensare",9562180,2749,1559,930.1,"attr",600.72266,"*****"
"1067","potere","selezionare",9562180,13497,5938,4566.7,"attr",598.41516,"*****"
"1068","volere","immergere",9144549,6670,3117,2158.2,"attr",594.08877,"*****"
"1069","dovere","scusare",9554798,7066,3378,2388.9,"attr",588.27273,"*****"
"1070","potere","stipulare",9562180,4850,2463,1641,"attr",587.72892,"*****"
"1071","volere","voltare",9144549,1924,1140,622.5,"attr",584.65793,"*****"
"1072","dovere","respingere",9554798,3250,1772,1098.8,"attr",584.26528,"*****"
"1073","volere","avviare",9144549,18990,7724,6144.6,"attr",578.1716,"*****"
"1074","dovere","cadere",9554798,13238,5804,4475.6,"attr",572.92141,"*****"
"1075","volere","ripristinare",9144549,5952,2816,1925.9,"attr",572.82586,"*****"
"1076","volere","ricevere",9144549,59929,22155,19391.2,"attr",570.55702,"*****"
"1077","dovere","moltiplicare",9554798,2747,1538,928.7,"attr",564.90951,"*****"
"1078","dovere","fallire",9554798,3656,1932,1236,"attr",556.67736,"*****"
"1079","potere","contemplare",9562180,2594,1465,877.7,"attr",555.4334,"*****"
"1080","potere","sorgere",9562180,11886,5260,4021.6,"attr",553.70188,"*****"
"1081","volere","puntare",9144549,28381,11064,9183.2,"attr",552.4683,"*****"
"1082","potere","protrarre",9562180,2373,1363,802.9,"attr",551.49266,"*****"
"1083","potere","giocare",9562180,69561,26481,23535.7,"attr",548.10837,"*****"
"1084","potere","distrarre",9562180,2070,1222,700.4,"attr",547.35667,"*****"
"1085","volere","legare",9144549,6573,3038,2126.8,"attr",545.28813,"*****"
"1086","volere","piangere",9144549,5053,2435,1635,"attr",543.7007,"*****"
"1087","potere","accorgere",9562180,4205,2159,1422.7,"attr",543.15804,"*****"
"1088","potere","consumare",9562180,10703,4786,3621.3,"attr",543.07644,"*****"
"1089","volere","incoraggiare",9144549,5287,2527,1710.7,"attr",541.59257,"*****"
"1090","dovere","rinviare",9554798,1921,1149,649.5,"attr",540.60417,"*****"
"1091","volere","uscire",9144549,69208,25274,22393.6,"attr",537.89802,"*****"
"1092","volere","privilegiare",9144549,3080,1621,996.6,"attr",537.60846,"*****"
"1093","volere","arrampicare",9144549,1731,1029,560.1,"attr",533.49463,"*****"
"1094","dovere","sorprendere",9554798,7699,3578,2602.9,"attr",526.57868,"*****"
"1095","volere","intrattenere",9144549,2073,1179,670.8,"attr",525.16725,"*****"
"1096","dovere","frenare",9554798,2157,1250,729.2,"attr",524.21524,"*****"
"1097","potere","stabilire",9562180,22229,9156,7521.1,"attr",521.40692,"*****"
"1098","potere","connettere",9562180,4778,2379,1616.6,"attr",514.27303,"*****"
"1099","dovere","soddisfare",9554798,21984,9042,7432.5,"attr",511.20217,"*****"
"1100","potere","suscitare",9562180,6707,3167,2269.3,"attr",511.20142,"*****"
"1101","volere","sperare",9144549,20163,8052,6524.1,"attr",511.06724,"*****"
"1102","volere","aggiornare",9144549,12419,5222,4018.4,"attr",510.65458,"*****"
"1103","dovere","fermare",9554798,47023,18238,15897.8,"attr",510.14071,"*****"
"1104","potere","impiegare",9562180,9133,4133,3090.1,"attr",509.4482,"*****"
"1105","potere","incontrare",9562180,50477,19498,17078.7,"attr",508.15032,"*****"
"1106","volere","veicolare",9144549,1901,1093,615.1,"attr",505.87325,"*****"
"1107","volere","postare",9144549,8006,3553,2590.5,"attr",502.44819,"*****"
"1108","potere","emettere",9562180,6313,2998,2136,"attr",500.41987,"*****"
"1109","potere","agevolare",9562180,3487,1821,1179.8,"attr",495.8906,"*****"
"1110","potere","riporre",9562180,2078,1199,703.1,"attr",493.54874,"*****"
"1111","dovere","dirigere",9554798,5736,2755,1939.3,"attr",492.62016,"*****"
"1112","potere","pranzare",9562180,1766,1054,597.5,"attr",491.02809,"*****"
"1113","dovere","presumere",9554798,3254,1716,1100.1,"attr",489.873,"*****"
"1114","volere","attribuire",9144549,13751,5687,4449.4,"attr",488.8835,"*****"
"1115","potere","ricaricare",9562180,3159,1675,1068.8,"attr",488.47854,"*****"
"1116","potere","rallentare",9562180,4669,2310,1579.7,"attr",483.21242,"*****"
"1117","volere","correre",9144549,27122,10494,8775.8,"attr",483.0226,"*****"
"1118","potere","riservare",9562180,8372,3802,2832.6,"attr",479.92623,"*****"
"1119","potere","collegare",9562180,19118,7914,6468.5,"attr",473.5241,"*****"
"1120","potere","emergere",9562180,9712,4320,3286,"attr",472.02019,"*****"
"1121","volere","scappare",9144549,11211,4725,3627.5,"attr",470.1308,"*****"
"1122","potere","agire",9562180,33474,13224,11325.8,"attr",469.83083,"*****"
"1123","potere","esigere",9562180,2600,1419,879.7,"attr",468.53351,"*****"
"1124","volere","coniugare",9144549,4359,2100,1410.4,"attr",468.26045,"*****"
"1125","volere","incentivare",9144549,4007,1958,1296.5,"attr",467.85787,"*****"
"1126","potere","commettere",9562180,4917,2400,1663.6,"attr",467.25833,"*****"
"1127","volere","arricchire",9144549,8450,3686,2734.2,"attr",466.73656,"*****"
"1128","dovere","adoperare",9554798,4686,2300,1584.3,"attr",463.00435,"*****"
"1129","volere","accostare",9144549,4006,1954,1296.2,"attr",462.89301,"*****"
"1130","volere","nascondere",9144549,22916,8955,7414.9,"attr",458.5177,"*****"
"1131","volere","ferire",9144549,3044,1556,984.9,"attr",456.48819,"*****"
"1132","volere","educare",9144549,3450,1722,1116.3,"attr",454.40434,"*****"
"1133","potere","risalire",9562180,8791,3940,2974.4,"attr",454.30251,"*****"
"1134","potere","applicare",9562180,37942,14822,12837.5,"attr",453.87529,"*****"
"1135","dovere","ruotare",9554798,2706,1453,914.9,"attr",448.98456,"*****"
"1136","potere","avanzare",9562180,6573,3054,2223.9,"attr",446.85576,"*****"
"1137","volere","attrarre",9144549,2785,1439,901.1,"attr",442.0645,"*****"
"1138","potere","implicare",9562180,1841,1064,622.9,"attr",440.69231,"*****"
"1139","dovere","convenire",9554798,3146,1636,1063.6,"attr",438.27069,"*****"
"1140","potere","respirare",9562180,4889,2363,1654.2,"attr",435.96095,"*****"
"1141","dovere","sottoscrivere",9554798,7549,3429,2552.2,"attr",435.51099,"*****"
"1142","volere","memorizzare",9144549,3377,1678,1092.7,"attr",433.75221,"*****"
"1143","dovere","scorrere",9554798,3163,1638,1069.4,"attr",430.40948,"*****"
"1144","potere","migliorare",9562180,48950,18747,16562,"attr",427.93858,"*****"
"1145","potere","trattare",9562180,39455,15312,13349.4,"attr",427.33085,"*****"
"1146","dovere","completare",9554798,13608,5756,4600.7,"attr",423.68198,"*****"
"1147","dovere","consistere",9554798,7291,3313,2465,"attr",421.7877,"*****"
"1148","volere","stimolare",9144549,8708,3735,2817.6,"attr",421.74797,"*****"
"1149","volere","restare",9144549,64194,23222,20771.2,"attr",420.40825,"*****"
"1150","dovere","segnare",9554798,8081,3618,2732.1,"attr",416.16678,"*****"
"1151","volere","sollecitare",9144549,3552,1736,1149.3,"attr",415.18651,"*****"
"1152","dovere","sbattere",9554798,2042,1140,690.4,"attr",413.94875,"*****"
"1153","dovere","ritirare",9554798,15761,6549,5328.6,"attr",409.26659,"*****"
"1154","dovere","annotare",9554798,1853,1052,626.5,"attr",408.04317,"*****"
"1155","dovere","risiedere",9554798,2521,1347,852.3,"attr",407.42893,"*****"
"1156","potere","votare",9562180,19730,8033,6675.6,"attr",405.61595,"*****"
"1157","potere","improvvisare",9562180,1802,1028,609.7,"attr",405.24874,"*****"
"1158","volere","potenziare",9144549,4018,1914,1300.1,"attr",403.22741,"*****"
"1159","potere","controllare",9562180,38328,14839,12968.1,"attr",399.88445,"*****"
"1160","volere","iniziare",9144549,81043,28903,26223,"attr",399.39044,"*****"
"1161","dovere","rivestire",9554798,3288,1667,1111.6,"attr",395.84729,"*****"
"1162","potere","nascondere",9562180,22916,9197,7753.5,"attr",395.77429,"*****"
"1163","dovere","accorgere",9554798,4205,2046,1421.6,"attr",393.01788,"*****"
"1164","dovere","orientare",9554798,8388,3712,2835.9,"attr",392.7388,"*****"
"1165","dovere","stupire",9554798,12964,5468,4382.9,"attr",392.42254,"*****"
"1166","potere","alloggiare",9562180,2292,1238,775.5,"attr",391.27115,"*****"
"1167","potere","fregare",9562180,3091,1580,1045.8,"attr",389.12108,"*****"
"1168","potere","giurare",9562180,1709,976,578.2,"attr",386.34832,"*****"
"1169","dovere","educare",9554798,3450,1728,1166.4,"attr",386.2883,"*****"
"1170","volere","annunciare",9144549,6329,2796,2047.9,"attr",384.22031,"*****"
"1171","dovere","girare",9554798,17226,7054,5823.9,"attr",381.26659,"*****"
"1172","volere","sfruttare",9144549,28820,10892,9325.3,"attr",379.44363,"*****"
"1173","potere","delineare",9562180,1703,968,576.2,"attr",376.28792,"*****"
"1174","potere","cenare",9562180,2316,1236,783.6,"attr",370.86899,"*****"
"1175","dovere","svuotare",9554798,1823,1016,616.3,"attr",366.40869,"*****"
"1176","dovere","transitare",9554798,2680,1389,906.1,"attr",366.35659,"*****"
"1177","dovere","oltrepassare",9554798,1689,955,571,"attr",364.61045,"*****"
"1178","dovere","amministrare",9554798,2241,1198,757.6,"attr",363.15691,"*****"
"1179","dovere","ripetere",9554798,26761,10539,9047.5,"attr",363.00359,"*****"
"1180","volere","fregare",9144549,3091,1511,1000.2,"attr",361.72226,"*****"
"1181","dovere","premettere",9554798,2275,1211,769.1,"attr",360.32483,"*****"
"1182","potere","cavare",9562180,3089,1556,1045.2,"attr",356.67631,"*****"
"1183","potere","azzardare",9562180,2621,1358,886.8,"attr",356.56231,"*****"
"1184","dovere","fondare",9554798,8151,3578,2755.7,"attr",356.37212,"*****"
"1185","dovere","sistemare",9554798,7396,3282,2500.5,"attr",354.26024,"*****"
"1186","dovere","rimettere",9554798,12435,5211,4204.1,"attr",352.6239,"*****"
"1187","volere","svegliare",9144549,6929,2990,2242,"attr",352.03945,"*****"
"1188","volere","sbagliare",9144549,14319,5701,4633.2,"attr",351.60089,"*****"
"1189","volere","difendere",9144549,36821,13614,11914.1,"attr",350.97245,"*****"
"1190","potere","intercettare",9562180,1647,929,557.3,"attr",350.47541,"*****"
"1191","potere","accrescere",9562180,2644,1363,894.6,"attr",349.48188,"*****"
"1192","volere","consolidare",9144549,3671,1733,1187.8,"attr",348.47726,"*****"
"1193","dovere","saltare",9554798,10058,4302,3400.5,"attr",348.44675,"*****"
"1194","dovere","ripresentare",9554798,2362,1241,798.6,"attr",348.41732,"*****"
"1195","dovere","calcolare",9554798,11229,4748,3796.4,"attr",348.34301,"*****"
"1196","potere","estendere",9562180,14647,6039,4955.8,"attr",347.24318,"*****"
"1197","volere","riavere",9144549,2042,1069,660.7,"attr",346.86625,"*****"
"1198","volere","rivoluzionare",9144549,2014,1055,651.7,"attr",343.20515,"*****"
"1199","volere","inserire",9144549,60950,21877,19721.5,"attr",342.90364,"*****"
"1200","potere","ricevere",9562180,59929,22435,20276.7,"attr",342.38253,"*****"
"1201","potere","programmare",9562180,5637,2579,1907.3,"attr",341.91886,"*****"
"1202","volere","abitare",9144549,3582,1692,1159,"attr",341.29892,"*****"
"1203","dovere","immettere",9554798,1899,1034,642,"attr",338.99966,"*****"
"1204","potere","assumere",9562180,63046,23524,21331.4,"attr",336.11489,"*****"
"1205","dovere","ripulire",9554798,1626,911,549.7,"attr",335.51596,"*****"
"1206","potere","rivestire",9562180,3288,1621,1112.5,"attr",332.84225,"*****"
"1207","dovere","concordare",9554798,4183,1985,1414.2,"attr",331.20031,"*****"
"1208","volere","imparare",9144549,76147,26998,24638.8,"attr",329.66263,"*****"
"1209","dovere","persistere",9554798,2383,1237,805.7,"attr",328.63557,"*****"
"1210","dovere","correre",9554798,27122,10595,9169.5,"attr",327.55653,"*****"
"1211","dovere","recuperare",9554798,31302,12112,10582.7,"attr",327.17823,"*****"
"1212","dovere","cavare",9554798,3089,1533,1044.3,"attr",326.96144,"*****"
"1213","volere","volare",9144549,9427,3888,3050.3,"attr",326.82244,"*****"
"1214","potere","eseguire",9562180,28394,11061,9607,"attr",325.61426,"*****"
"1215","dovere","derivare",9554798,25831,10119,8733.1,"attr",324.96276,"*****"
"1216","volere","incrementare",9144549,6386,2755,2066.3,"attr",323.8126,"*****"
"1217","dovere","porre",9554798,65259,24241,22063.1,"attr",320.69798,"*****"
"1218","dovere","pregare",9554798,7700,3361,2603.3,"attr",320.60556,"*****"
"1219","volere","bruciare",9144549,5612,2458,1815.9,"attr",319.61182,"*****"
"1220","potere","somministrare",9562180,2269,1181,767.7,"attr",316.71941,"*****"
"1221","potere","riprodurre",9562180,7847,3414,2655,"attr",315.71685,"*****"
"1222","potere","decorare",9562180,2487,1273,841.5,"attr",315.57399,"*****"
"1223","dovere","animare",9554798,2048,1082,692.4,"attr",311.41223,"*****"
"1224","volere","ridare",9144549,5214,2297,1687.1,"attr",310.0844,"*****"
"1225","potere","trascurare",9562180,5168,2361,1748.6,"attr",310.04555,"*****"
"1226","dovere","recitare",9554798,4015,1898,1357.4,"attr",309.65329,"*****"
"1227","potere","impedire",9562180,24111,9463,8157.9,"attr",308.56055,"*****"
"1228","volere","comandare",9144549,3588,1667,1161,"attr",307.84257,"*****"
"1229","volere","appellare",9144549,1883,977,609.3,"attr",305.44574,"*****"
"1230","volere","centrare",9144549,1614,860,522.2,"attr",299.77092,"*****"
"1231","dovere","rimandare",9554798,5111,2325,1728,"attr",298.18125,"*****"
"1232","dovere","inoltrare",9554798,5772,2585,1951.4,"attr",297.94888,"*****"
"1233","dovere","constatare",9554798,14541,5914,4916.1,"attr",297.49182,"*****"
"1234","volere","destinare",9144549,4789,2122,1549.6,"attr",297.12744,"*****"
"1235","potere","racchiudere",9562180,1800,966,609,"attr",296.96507,"*****"
"1236","volere","discutere",9144549,26761,9991,8659,"attr",295.91815,"*****"
"1237","volere","colorare",9144549,1721,902,556.9,"attr",294.07714,"*****"
"1238","volere","accrescere",9144549,2644,1281,855.5,"attr",293.68679,"*****"
"1239","dovere","assecondare",9554798,1823,973,616.3,"attr",292.91677,"*****"
"1240","potere","ferire",9562180,3044,1488,1029.9,"attr",292.01674,"*****"
"1241","potere","scordare",9562180,2065,1077,698.7,"attr",291.53404,"*****"
"1242","potere","appendere",9562180,1797,960,608,"attr",289.33417,"*****"
"1243","volere","armonizzare",9144549,1507,808,487.6,"attr",288.67731,"*****"
"1244","volere","decorare",9144549,2487,1214,804.7,"attr",288.62466,"*****"
"1245","volere","afferrare",9144549,2158,1080,698.3,"attr",288.4574,"*****"
"1246","potere","sopperire",9562180,1948,1024,659.1,"attr",287.29129,"*****"
"1247","volere","ripensare",9144549,4259,1906,1378.1,"attr",283.75466,"*****"
"1248","dovere","vestire",9554798,6744,2946,2280,"attr",282.6997,"*****"
"1249","potere","mentire",9562180,1860,983,629.3,"attr",282.50689,"*****"
"1250","potere","bloccare",9562180,10655,4439,3605.1,"attr",282.43078,"*****"
"1251","volere","azzardare",9144549,2621,1263,848.1,"attr",281.94108,"*****"
"1252","volere","isolare",9144549,2862,1359,926.1,"attr",281.66093,"*****"
"1253","volere","scalare",9144549,1921,977,621.6,"attr",280.36456,"*****"
"1254","potere","sbloccare",9562180,3793,1782,1283.3,"attr",279.05219,"*****"
"1255","volere","guadagnare",9144549,16114,6220,5214,"attr",278.71093,"*****"
"1256","potere","complicare",9562180,2102,1084,711.2,"attr",278.42849,"*****"
"1257","potere","scorrere",9562180,3163,1525,1070.2,"attr",277.49275,"*****"
"1258","potere","fallire",9562180,3656,1724,1237,"attr",276.01509,"*****"
"1259","potere","ammalare",9562180,1790,948,605.6,"attr",275.014,"*****"
"1260","volere","rivendere",9144549,1750,902,566.2,"attr",274.20929,"*****"
"1261","potere","ricoprire",9562180,5760,2555,1948.9,"attr",273.55562,"*****"
"1262","volere","documentare",9144549,5359,2313,1734,"attr",272.70615,"*****"
"1263","potere","incrociare",9562180,1541,838,521.4,"attr",272.53134,"*****"
"1264","potere","alternare",9562180,1990,1032,673.3,"attr",272.10672,"*****"
"1265","dovere","convocare",9554798,3112,1498,1052.1,"attr",271.17565,"*****"
"1266","dovere","meritare",9554798,2262,1146,764.7,"attr",271.16433,"*****"
"1267","volere","piantare",9144549,3308,1525,1070.4,"attr",269.79877,"*****"
"1268","volere","ribellare",9144549,1834,933,593.4,"attr",268.0481,"*****"
"1269","potere","convenire",9562180,3146,1510,1064.4,"attr",267.90572,"*****"
"1270","volere","risvegliare",9144549,1963,986,635.2,"attr",267.72522,"*****"
"1271","potere","concretizzare",9562180,5248,2348,1775.6,"attr",267.4097,"*****"
"1272","potere","stampare",9562180,9286,3899,3141.9,"attr",266.81204,"*****"
"1273","volere","ribaltare",9144549,1895,957,613.2,"attr",266.20565,"*****"
"1274","volere","descrivere",9144549,13892,5408,4495,"attr",265.8772,"*****"
"1275","dovere","avvisare",9554798,4687,2124,1584.6,"attr",265.52078,"*****"
"1276","potere","apprendere",9562180,10359,4302,3504.9,"attr",265.51319,"*****"
"1277","dovere","riferire",9554798,17634,6993,5961.8,"attr",262.97156,"*****"
"1278","dovere","controllare",9554798,38328,14471,12958.1,"attr",262.56035,"*****"
"1279","dovere","subentrare",9554798,1925,995,650.8,"attr",259.13836,"*****"
"1280","potere","sfoggiare",9562180,1803,943,610,"attr",258.56421,"*****"
"1281","dovere","rivolgere",9554798,57166,21155,19327,"attr",257.99731,"*****"
"1282","volere","allenare",9144549,8716,3532,2820.2,"attr",255.88078,"*****"
"1283","potere","riscuotere",9562180,1537,826,520,"attr",255.44578,"*****"
"1284","potere","descrivere",9562180,13892,5602,4700.3,"attr",254.49723,"*****"
"1285","volere","rompere",9144549,11780,4633,3811.6,"attr",253.33556,"*****"
"1286","volere","impedire",9144549,24111,8969,7801.6,"attr",252.43421,"*****"
"1287","volere","condannare",9144549,4330,1902,1401.1,"attr",251.98972,"*****"
"1288","dovere","ridimensionare",9554798,1773,925,599.4,"attr",251.50953,"*****"
"1289","dovere","rilasciare",9554798,9546,3972,3227.4,"attr",251.44494,"*****"
"1290","potere","illuminare",9562180,4402,1997,1489.4,"attr",250.27501,"*****"
"1291","potere","presumere",9562180,3254,1538,1101,"attr",249.64723,"*****"
"1292","volere","montare",9144549,14910,5739,4824.4,"attr",249.06054,"*****"
"1293","dovere","riappropriare",9554798,1972,1008,666.7,"attr",249.02276,"*****"
"1294","potere","attrarre",9562180,2785,1346,942.3,"attr",248.2348,"*****"
"1295","potere","confondere",9562180,5747,2518,1944.5,"attr",245.88444,"*****"
"1296","potere","realizzare",9562180,91385,33169,30919.8,"attr",245.31771,"*****"
"1297","dovere","tirare",9554798,21674,8430,7327.7,"attr",245.24267,"*****"
"1298","volere","proiettare",9144549,1604,822,519,"attr",243.79895,"*****"
"1299","volere","riprodurre",9144549,7847,3197,2539,"attr",242.65021,"*****"
"1300","dovere","emergere",9554798,9712,4021,3283.5,"attr",242.61789,"*****"
"1301","dovere","privilegiare",9554798,3080,1459,1041.3,"attr",240.92195,"*****"
"1302","volere","instaurare",9144549,4820,2074,1559.6,"attr",239.42584,"*****"
"1303","potere","afferrare",9562180,2158,1078,730.2,"attr",236.93173,"*****"
"1304","volere","smentire",9144549,3518,1576,1138.3,"attr",236.08328,"*****"
"1305","dovere","svegliare",9554798,6929,2957,2342.6,"attr",234.96823,"*****"
"1306","potere","transitare",9562180,2680,1291,906.8,"attr",233.76482,"*****"
"1307","dovere","ricaricare",9554798,3159,1484,1068,"attr",233.22074,"*****"
"1308","volere","complicare",9144549,2102,1018,680.1,"attr",232.93208,"*****"
"1309","dovere","spuntare",9554798,1845,943,623.8,"attr",232.86501,"*****"
"1310","volere","implementare",9144549,4371,1896,1414.3,"attr",231.22235,"*****"
"1311","volere","riappropriare",9144549,1972,964,638.1,"attr",230.77661,"*****"
"1312","dovere","promettere",9554798,1783,915,602.8,"attr",230.35476,"*****"
"1313","potere","meritare",9562180,2262,1116,765.3,"attr",230.03126,"*****"
"1314","potere","candidare",9562180,8971,3719,3035.3,"attr",225.62296,"*****"
"1315","dovere","mescolare",9554798,1878,951,634.9,"attr",224.49475,"*****"
"1316","potere","cogliere",9562180,21399,8288,7240.3,"attr",224.48038,"*****"
"1317","volere","copiare",9144549,6019,2502,1947.6,"attr",223.92071,"*****"
"1318","volere","assegnare",9144549,8024,3228,2596.3,"attr",219.16163,"*****"
"1319","potere","articolare",9562180,1780,906,602.3,"attr",218.57076,"*****"
"1320","potere","fumare",9562180,1708,875,577.9,"attr",217.78534,"*****"
"1321","volere","prolungare",9144549,4249,1835,1374.8,"attr",217.21857,"*****"
"1322","volere","riscoprire",9144549,4361,1877,1411.1,"attr",217.08216,"*****"
"1323","volere","confidare",9144549,2939,1334,951,"attr",216.01674,"*****"
"1324","volere","eludere",9144549,1598,801,517.1,"attr",215.46462,"*****"
"1325","volere","alternare",9144549,1990,958,643.9,"attr",212.81692,"*****"
"1326","potere","operare",9562180,32022,12077,10834.5,"attr",211.90367,"*****"
"1327","potere","inquadrare",9562180,1717,874,580.9,"attr",210.92804,"*****"
"1328","potere","risvegliare",9562180,1963,977,664.2,"attr",210.74396,"*****"
"1329","potere","sperimentare",9562180,20605,7961,6971.6,"attr",207.95672,"*****"
"1330","dovere","incominciare",9554798,3031,1408,1024.7,"attr",206.62062,"*****"
"1331","volere","inquadrare",9144549,1717,843,555.6,"attr",206.02886,"*****"
"1332","potere","persistere",9562180,2383,1146,806.3,"attr",205.55591,"*****"
"1333","dovere","rifugiare",9554798,1531,790,517.6,"attr",204.10723,"*****"
"1334","volere","premettere",9144549,2275,1064,736.1,"attr",203.63695,"*****"
"1335","volere","cenare",9144549,2316,1080,749.4,"attr",203.46304,"*****"
"1336","potere","muovere",9562180,31592,11892,10689,"attr",201.40106,"*****"
"1337","potere","monitorare",9562180,5627,2413,1903.9,"attr",198.48609,"*****"
"1338","potere","conferire",9562180,7309,3052,2473,"attr",198.40841,"*****"
"1339","potere","includere",9562180,18337,7116,6204.3,"attr",198.29654,"*****"
"1340","volere","posare",9144549,1410,712,456.2,"attr",197.9663,"*****"
"1341","potere","scattare",9562180,6944,2913,2349.5,"attr",197.67056,"*****"
"1342","dovere","escludere",9554798,21446,8234,7250.6,"attr",197.64811,"*****"
"1343","volere","studiare",9144549,26700,9724,8639.3,"attr",197.50721,"*****"
"1344","volere","fumare",9144549,1708,833,552.7,"attr",197.19301,"*****"
"1345","potere","caricare",9562180,11325,4548,3831.8,"attr",197.06974,"*****"
"1346","potere","ribaltare",9562180,1895,938,641.2,"attr",196.67746,"*****"
"1347","dovere","riscrivere",9554798,3550,1604,1200.2,"attr",196.53043,"*****"
"1348","potere","ritenere",9562180,57639,21100,19501.9,"attr",195.83822,"*****"
"1349","volere","trasformare",9144549,37537,13423,12145.8,"attr",195.44272,"*****"
"1350","volere","leggere",9144549,91572,31616,29629.8,"attr",195.2747,"*****"
"1351","potere","innamorare",9562180,1606,816,543.4,"attr",195.1792,"*****"
"1352","volere","innamorare",9144549,1606,790,519.7,"attr",194.81555,"*****"
"1353","volere","amministrare",9144549,2241,1043,725.1,"attr",194.43959,"*****"
"1354","dovere","tacere",9554798,4905,2129,1658.3,"attr",194.33154,"*****"
"1355","volere","animare",9144549,2048,966,662.7,"attr",193.37816,"*****"
"1356","dovere","somministrare",9554798,2269,1088,767.1,"attr",192.71178,"*****"
"1357","volere","accusare",9144549,3061,1359,990.4,"attr",192.63531,"*****"
"1358","potere","mescolare",9562180,1878,927,635.4,"attr",191.56295,"*****"
"1359","potere","discendere",9562180,1648,831,557.6,"attr",191.46616,"*****"
"1360","dovere","scalare",9554798,1921,944,649.5,"attr",191.22161,"*****"
"1361","volere","tracciare",9144549,5230,2169,1692.3,"attr",190.59222,"*****"
"1362","volere","istituire",9144549,5789,2374,1873.1,"attr",190.39074,"*****"
"1363","volere","conferire",9144549,7309,2926,2365,"attr",189.93402,"*****"
"1364","volere","proseguire",9144549,26827,9743,8680.4,"attr",188.73497,"*****"
"1365","volere","infliggere",9144549,1509,746,488.3,"attr",188.32338,"*****"
"1366","dovere","sciogliere",9554798,6288,2649,2125.9,"attr",188.03603,"*****"
"1367","dovere","risalire",9554798,8791,3588,2972.1,"attr",187.30521,"*****"
"1368","potere","ripresentare",9562180,2362,1121,799.2,"attr",186.40931,"*****"
"1369","dovere","chiudere",9554798,44603,16452,15079.6,"attr",186.38243,"*****"
"1370","dovere","sottomettere",9554798,3217,1462,1087.6,"attr",186.28095,"*****"
"1371","potere","avere",9562180,648678,224628,219477.7,"attr",186.26365,"*****"
"1372","potere","volare",9562180,9427,3823,3189.6,"attr",184.88165,"*****"
"1373","potere","regolare",9562180,9385,3806,3175.4,"attr",184.07645,"*****"
"1374","volere","alloggiare",9144549,2292,1054,741.6,"attr",183.8936,"*****"
"1375","volere","sfoggiare",9144549,1803,860,583.4,"attr",182.38031,"*****"
"1376","volere","ridimensionare",9144549,1773,848,573.7,"attr",182.3383,"*****"
"1377","dovere","ribellare",9554798,1834,901,620,"attr",182.24566,"*****"
"1378","potere","qualificare",9562180,4217,1848,1426.8,"attr",180.71469,"*****"
"1379","dovere","fornire",9554798,64422,23397,21780.1,"attr",179.6814,"*****"
"1380","potere","ruotare",9562180,2706,1253,915.6,"attr",179.43243,"*****"
"1381","potere","infliggere",9562180,1509,763,510.6,"attr",178.20285,"*****"
"1382","volere","affidare",9144549,21269,7802,6882,"attr",178.11579,"*****"
"1383","potere","scoppiare",9562180,1567,787,530.2,"attr",177.73966,"*****"
"1384","potere","disattivare",9562180,3312,1491,1120.6,"attr",177.29314,"*****"
"1385","potere","spuntare",9562180,1845,902,624.2,"attr",177.12139,"*****"
"1386","dovere","articolare",9554798,1780,874,601.8,"attr",176.27962,"*****"
"1387","volere","attaccare",9144549,11847,4518,3833.3,"attr",175.91478,"*****"
"1388","potere","diminuire",9562180,7691,3160,2602.2,"attr",175.38073,"*****"
"1389","potere","risiedere",9562180,2521,1174,853,"attr",174.19988,"*****"
"1390","dovere","stabilire",9554798,22229,8454,7515.3,"attr",173.99608,"*****"
"1391","potere","eludere",9562180,1598,797,540.7,"attr",173.76349,"*****"
"1392","volere","sottrarre",9144549,12629,4788,4086.4,"attr",173.47431,"*****"
"1393","dovere","discendere",9554798,1648,817,557.2,"attr",173.29213,"*****"
"1394","potere","contestare",9562180,4983,2133,1686,"attr",172.83043,"*****"
"1395","dovere","scordare",9554798,2065,988,698.1,"attr",172.82082,"*****"
"1396","dovere","spegnere",9554798,5607,2369,1895.6,"attr",172.58597,"*****"
"1397","potere","subentrare",9562180,1925,930,651.3,"attr",171.14169,"*****"
"1398","dovere","scoppiare",9554798,1567,780,529.8,"attr",168.93325,"*****"
"1399","volere","ripetere",9144549,26761,9662,8659,"attr",168.72236,"*****"
"1400","dovere","appoggiare",9554798,6787,2806,2294.6,"attr",166.95562,"*****"
"1401","potere","promettere",9562180,1783,868,603.3,"attr",166.57907,"*****"
"1402","volere","ammalare",9144549,1790,842,579.2,"attr",166.14837,"*****"
"1403","potere","riavere",9562180,2042,973,690.9,"attr",165.58808,"*****"
"1404","dovere","schierare",9554798,4007,1747,1354.7,"attr",165.13077,"*****"
"1405","potere","declinare",9562180,1401,708,474,"attr",164.90552,"*****"
"1406","volere","levare",9144549,3519,1503,1138.6,"attr",164.7122,"*****"
"1407","dovere","ristrutturare",9554798,3622,1596,1224.5,"attr",163.55182,"*****"
"1408","potere","appellare",9562180,1883,906,637.1,"attr",162.96236,"*****"
"1409","potere","rivoluzionare",9562180,2014,959,681.4,"attr",162.55918,"*****"
"1410","volere","rileggere",9144549,4028,1689,1303.3,"attr",161.67046,"*****"
"1411","volere","rimettere",9144549,12435,4695,4023.6,"attr",161.43563,"*****"
"1412","volere","riaprire",9144549,5335,2167,1726.2,"attr",160.22387,"*****"
"1413","volere","assecondare",9144549,1823,850,589.9,"attr",160.02466,"*****"
"1414","potere","rivendere",9562180,1750,848,592.1,"attr",158.66778,"*****"
"1415","potere","giudicare",9562180,14126,5493,4779.5,"attr",157.57628,"*****"
"1416","volere","sintetizzare",9144549,4451,1839,1440.2,"attr",156.79577,"*****"
"1417","volere","appendere",9144549,1797,837,581.5,"attr",156.68731,"*****"
"1418","potere","conciliare",9562180,3550,1561,1201.1,"attr",156.63398,"*****"
"1419","dovere","proteggere",9554798,21119,8007,7140,"attr",156.29156,"*****"
"1420","dovere","sopperire",9554798,1948,924,658.6,"attr",153.76568,"*****"
"1421","volere","significare",9144549,21142,7691,6840.9,"attr",153.20138,"*****"
"1422","volere","racchiudere",9144549,1800,834,582.4,"attr",151.71221,"*****"
"1423","potere","proiettare",9562180,1604,782,542.7,"attr",151.26796,"*****"
"1424","dovere","esigere",9554798,2600,1181,879,"attr",149.96569,"*****"
"1425","dovere","scappare",9554798,11211,4410,3790.3,"attr",149.53836,"*****"
"1426","potere","salire",9562180,20358,7718,6888.1,"attr",148.54057,"*****"
"1427","dovere","nutrire",9554798,5601,2332,1893.6,"attr",148.49653,"*****"
"1428","potere","venire",9562180,84278,30189,28515.1,"attr",147.58837,"*****"
"1429","dovere","posare",9554798,1410,698,476.7,"attr",146.94322,"*****"
"1430","dovere","declinare",9554798,1401,693,473.7,"attr",145.29581,"*****"
"1431","potere","cadere",9562180,13238,5141,4479,"attr",144.75241,"*****"
"1432","volere","pregare",9144549,7700,2987,2491.5,"attr",141.35173,"*****"
"1433","dovere","mentire",9554798,1860,877,628.8,"attr",140.89285,"*****"
"1434","potere","rientrare",9562180,23002,8636,7782.6,"attr",139.21048,"*****"
"1435","potere","colorare",9562180,1721,819,582.3,"attr",138.35296,"*****"
"1436","potere","rifugiare",9562180,1531,741,518,"attr",137.74212,"*****"
"1437","volere","consigliare",9144549,17887,6526,5787.7,"attr",136.50686,"*****"
"1438","potere","pescare",9562180,4230,1795,1431.2,"attr",135.00473,"*****"
"1439","volere","comperare",9144549,3083,1306,997.6,"attr",134.88763,"*****"
"1440","potere","supportare",9562180,8135,3253,2752.4,"attr",134.06728,"*****"
"1441","volere","assaporare",9144549,5811,2299,1880.3,"attr",133.32489,"*****"
"1442","dovere","ritornare",9554798,21458,8061,7254.6,"attr",133.25791,"*****"
"1443","volere","coltivare",9144549,8274,3174,2677.2,"attr",132.46359,"*****"
"1444","dovere","correggere",9554798,9051,3584,3060,"attr",132.27591,"*****"
"1445","dovere","eccedere",9554798,3083,1348,1042.3,"attr",130.26017,"*****"
"1446","dovere","raddoppiare",9554798,3171,1382,1072.1,"attr",130.24832,"*****"
"1447","volere","ricostruire",9144549,10492,3943,3394.9,"attr",127.59735,"*****"
"1448","volere","viaggiare",9144549,16148,5902,5225,"attr",127.0908,"*****"
"1449","potere","violare",9562180,2643,1174,894.2,"attr",126.95727,"*****"
"1450","volere","riservare",9144549,8372,3197,2708.9,"attr",126.45694,"*****"
"1451","volere","contribuire",9144549,53861,18654,17427.7,"attr",126.315,"*****"
"1452","volere","contestare",9144549,4983,1989,1612.3,"attr",125.61587,"*****"
"1453","dovere","inviare",9554798,47085,17072,15918.7,"attr",125.02573,"*****"
"1454","dovere","erogare",9554798,3172,1376,1072.4,"attr",125.01671,"*****"
"1455","volere","sbattere",9144549,2042,902,660.7,"attr",123.83854,"*****"
"1456","volere","elencare",9144549,4091,1663,1323.7,"attr",123.78579,"*****"
"1457","potere","presentare",9562180,131493,46400,44490.2,"attr",123.64936,"*****"
"1458","potere","allungare",9562180,4778,1986,1616.6,"attr",123.58642,"*****"
"1459","volere","vietare",9144549,3426,1419,1108.5,"attr",123.40009,"*****"
"1460","potere","moltiplicare",9562180,2747,1209,929.4,"attr",122.13919,"*****"
"1461","dovere","importare",9554798,5374,2204,1816.9,"attr",120.95751,"*****"
"1462","dovere","nascere",9554798,21727,8117,7345.6,"attr",120.55328,"*****"
"1463","dovere","fingere",9554798,2946,1283,996,"attr",120.22928,"*****"
"1464","dovere","avvertire",9554798,7580,3020,2562.7,"attr",120.18989,"*****"
"1465","volere","obbligare",9144549,4251,1712,1375.5,"attr",117.36104,"*****"
"1466","volere","annullare",9144549,7104,2727,2298.6,"attr",114.69042,"*****"
"1467","dovere","centrare",9554798,1614,754,545.7,"attr",114.56014,"*****"
"1468","volere","fondere",9144549,2819,1183,912.1,"attr",113.92538,"*****"
"1469","dovere","volere",9554798,6557,2629,2216.8,"attr",112.75642,"*****"
"1470","volere","svuotare",9144549,1823,807,589.9,"attr",112.31187,"*****"
"1471","volere","sollevare",9144549,7198,2755,2329,"attr",111.97336,"*****"
"1472","potere","immettere",9562180,1899,865,642.5,"attr",111.38147,"*****"
"1473","volere","ritagliare",9144549,2848,1189,921.5,"attr",110.05282,"*****"
"1474","dovere","interpretare",9554798,14011,5328,4736.9,"attr",109.42487,"*****"
"1475","dovere","spingere",9554798,23334,8646,7888.9,"attr",108.272,"*****"
"1476","dovere","comunicare",9554798,43880,15870,14835.2,"attr",108.04779,"*****"
"1477","potere","immergere",9562180,6670,2662,2256.8,"attr",107.19159,"*****"
"1478","potere","evocare",9562180,2634,1147,891.2,"attr",106.79634,"*****"
"1479","dovere","compensare",9554798,2749,1190,929.4,"attr",106.32171,"*****"
"1480","potere","provenire",9562180,5921,2382,2003.3,"attr",105.30313,"*****"
"1481","dovere","contemplare",9554798,2594,1129,877,"attr",105.28414,"*****"
"1482","volere","domandare",9144549,6948,2653,2248.2,"attr",104.8299,"*****"
"1483","dovere","governare",9554798,9158,3564,3096.2,"attr",104.47621,"*****"
"1484","volere","allestire",9144549,2914,1206,942.9,"attr",104.2255,"*****"
"1485","dovere","indurre",9554798,17795,6664,6016.2,"attr",103.73353,"*****"
"1486","dovere","riscuotere",9554798,1537,711,519.6,"attr",101.62819,"*****"
"1487","dovere","armonizzare",9554798,1507,699,509.5,"attr",101.61395,"*****"
"1488","potere","sussistere",9562180,6032,2416,2040.9,"attr",101.49939,"*****"
"1489","volere","noleggiare",9144549,3953,1580,1279.1,"attr",101.05233,"*****"
"1490","volere","combattere",9144549,28041,9863,9073.2,"attr",100.2932,"*****"
"1491","potere","frequentare",9562180,11436,4376,3869.3,"attr",98.37843,"*****"
"1492","volere","cucinare",9144549,5911,2271,1912.6,"attr",96.46201,"*****"
"1493","dovere","diminuire",9554798,7691,3011,2600.2,"attr",95.8303,"*****"
"1494","dovere","stendere",9554798,2892,1231,977.7,"attr",95.67242,"*****"
"1495","dovere","costare",9554798,12916,4897,4366.7,"attr",95.57937,"*****"
"1496","volere","annotare",9144549,1853,801,599.6,"attr",95.4188,"*****"
"1497","volere","ripulire",9144549,1626,715,526.1,"attr",95.37046,"*****"
"1498","potere","dare",9562180,467438,161285,158155.9,"attr",94.84573,"*****"
"1499","dovere","focalizzare",9554798,4375,1787,1479.1,"attr",94.02345,"*****"
"1500","volere","scavare",9144549,2525,1049,817,"attr",93.44699,"*****"
"1501","volere","colpire",9144549,18468,6594,5975.7,"attr",93.0675,"*****"
"1502","dovere","incrociare",9554798,1541,703,521,"attr",91.8634,"*****"
"1503","volere","nominare",9144549,8155,3048,2638.7,"attr",91.61375,"*****"
"1504","volere","intercettare",9144549,1647,718,532.9,"attr",90.52377,"*****"
"1505","dovere","arrivare",9554798,141813,49637,47944.8,"attr",90.17632,"*****"
"1506","potere","suggerire",9562180,16241,6072,5495.1,"attr",90.15041,"*****"
"1507","potere","estrarre",9562180,5368,2149,1816.2,"attr",89.76457,"*****"
"1508","dovere","scoraggiare",9554798,3462,1437,1170.5,"attr",88.84978,"*****"
"1509","volere","rifare",9144549,19021,6766,6154.6,"attr",88.40415,"*****"
"1510","volere","delineare",9144549,1703,735,551,"attr",86.61966,"*****"
"1511","potere","nutrire",9562180,5601,2228,1895.1,"attr",86.19858,"*****"
"1512","dovere","scegliere",9554798,138481,48426,46818.3,"attr",83.35579,"*****"
"1513","dovere","assorbire",9554798,3258,1351,1101.5,"attr",82.74496,"*****"
"1514","dovere","salvaguardare",9554798,4173,1692,1410.8,"attr",82.30304,"*****"
"1515","volere","dettare",9144549,2566,1049,830.3,"attr",81.94192,"*****"
"1516","dovere","sprecare",9554798,3189,1322,1078.2,"attr",80.73885,"*****"
"1517","volere","trattenere",9144549,7698,2864,2490.8,"attr",80.73463,"*****"
"1518","dovere","comprendere",9554798,37877,13636,12805.6,"attr",80.63415,"*****"
"1519","dovere","spaventare",9554798,5991,2358,2025.5,"attr",80.54581,"*****"
"1520","dovere","protrarre",9554798,2373,1010,802.3,"attr",78.43895,"*****"
"1521","potere","sostituire",9562180,42730,15323,14457.5,"attr",77.6918,"*****"
"1522","potere","rinascere",9562180,2740,1149,927.1,"attr",77.6909,"*****"
"1523","potere","viaggiare",9562180,16148,5996,5463.6,"attr",77.29402,"*****"
"1524","potere","intrattenere",9562180,2073,894,701.4,"attr",77.03856,"*****"
"1525","dovere","riunire",9554798,6885,2673,2327.7,"attr",75.72485,"*****"
"1526","dovere","convincere",9554798,17039,6300,5760.6,"attr",75.25697,"*****"
"1527","dovere","esaurire",9554798,2533,1066,856.4,"attr",74.95956,"*****"
"1528","dovere","concretizzare",9554798,5248,2073,1774.3,"attr",74.16356,"*****"
"1529","volere","vestire",9144549,6744,2516,2182.1,"attr",73.7239,"*****"
"1530","potere","contenere",9562180,54735,19463,18519.4,"attr",72.22811,"*****"
"1531","dovere","perseguire",9554798,10434,3939,3527.6,"attr",71.25747,"*****"
"1532","dovere","attuare",9554798,12287,4599,4154.1,"attr",70.8744,"*****"
"1533","volere","contrastare",9144549,7703,2839,2492.5,"attr",69.69113,"*****"
"1534","potere","maturare",9562180,2788,1155,943.3,"attr",69.59109,"*****"
"1535","dovere","spedire",9554798,6463,2505,2185,"attr",69.28492,"*****"
"1536","dovere","camminare",9554798,12567,4693,4248.7,"attr",69.11408,"*****"
"1537","potere","assicurare",9562180,39958,14305,13519.6,"attr",68.42521,"*****"
"1538","volere","trascinare",9144549,3599,1399,1164.5,"attr",67.68227,"*****"
"1539","volere","distrarre",9144549,2070,848,669.8,"attr",67.41141,"*****"
"1540","potere","risparmiare",9562180,23276,8471,7875.3,"attr",67.35497,"*****"
"1541","potere","oltrepassare",9562180,1689,734,571.5,"attr",67.25823,"*****"
"1542","potere","calcolare",9562180,11229,4211,3799.3,"attr",66.36041,"*****"
"1543","potere","rimediare",9562180,5484,2144,1855.5,"attr",66.28707,"*****"
"1544","dovere","buttare",9554798,14310,5300,4838,"attr",65.72198,"*****"
"1545","volere","differenziare",9144549,3036,1194,982.4,"attr",65.24587,"*****"
"1546","dovere","giudicare",9554798,14126,5233,4775.8,"attr",65.20132,"*****"
"1547","dovere","improvvisare",9554798,1802,774,609.2,"attr",64.90758,"*****"
"1548","dovere","riporre",9554798,2078,879,702.5,"attr",64.69538,"*****"
"1549","volere","amare",9144549,16068,5678,5199.1,"attr",64.27122,"*****"
"1550","potere","sconfiggere",9562180,5129,2010,1735.4,"attr",64.19234,"*****"
"1551","dovere","deliberare",9554798,2982,1218,1008.2,"attr",64.07155,"*****"
"1552","potere","inoltrare",9562180,5772,2243,1952.9,"attr",63.71984,"*****"
"1553","dovere","rileggere",9554798,4028,1603,1361.8,"attr",62.91653,"*****"
"1554","potere","frenare",9562180,2157,907,729.8,"attr",62.88096,"*****"
"1555","volere","elevare",9144549,3085,1207,998.2,"attr",62.541,"*****"
"1556","dovere","comporre",9554798,4526,1784,1530.2,"attr",62.10359,"*****"
"1557","potere","valutare",9562180,39089,13963,13225.6,"attr",61.68124,"*****"
"1558","potere","veicolare",9562180,1901,808,643.2,"attr",61.62979,"*****"
"1559","volere","piazzare",9144549,2576,1023,833.5,"attr",61.54163,"*****"
"1560","dovere","giurare",9554798,1709,733,577.8,"attr",60.74185,"*****"
"1561","potere","affittare",9562180,3800,1513,1285.7,"attr",59.20319,"*****"
"1562","volere","smettere",9144549,24133,8371,7808.7,"attr",59.20165,"*****"
"1563","volere","estendere",9144549,14647,5178,4739.3,"attr",59.15682,"*****"
"1564","potere","pesare",9562180,4324,1703,1463,"attr",58.10449,"*****"
"1565","potere","ritirare",9562180,15761,5781,5332.7,"attr",56.26554,"*****"
"1566","dovere","implicare",9554798,1841,777,622.4,"attr",56.05934,"*****"
"1567","potere","incrementare",9562180,6386,2446,2160.7,"attr",55.84878,"*****"
"1568","volere","infilare",9144549,3547,1358,1147.7,"attr",55.37968,"*****"
"1569","volere","dialogare",9144549,5313,1975,1719.1,"attr",55.00256,"*****"
"1570","potere","elencare",9562180,4091,1611,1384.2,"attr",54.86131,"*****"
"1571","potere","testimoniare",9562180,9435,3531,3192.3,"attr",53.46552,"*****"
"1572","dovere","acquisire",9554798,17681,6436,5977.7,"attr",52.49568,"*****"
"1573","dovere","posizionare",9554798,6405,2442,2165.4,"attr",52.3673,"*****"
"1574","potere","distribuire",9562180,4218,1651,1427.1,"attr",51.87268,"*****"
"1575","volere","abbandonare",9144549,28773,9884,9310,"attr",51.82601,"*****"
"1576","dovere","fuggire",9554798,10179,3787,3441.4,"attr",51.66716,"*****"
"1577","dovere","individuare",9554798,21410,7736,7238.4,"attr",51.16868,"*****"
"1578","dovere","rivedere",9554798,19898,7206,6727.2,"attr",50.95085,"*****"
"1579","volere","disegnare",9144549,5534,2038,1790.6,"attr",49.42936,"*****"
"1580","volere","pranzare",9144549,1766,712,571.4,"attr",49.28876,"*****"
"1581","dovere","accendere",9554798,7130,2689,2410.5,"attr",47.76841,"*****"
"1582","potere","guadagnare",9562180,16114,5863,5452.1,"attr",46.28522,"*****"
"1583","potere","postare",9562180,8006,2998,2708.8,"attr",45.92988,"*****"
"1584","potere","esportare",9562180,3365,1326,1138.5,"attr",45.5524,"*****"
"1585","volere","colmare",9144549,4214,1570,1363.5,"attr",45.13786,"*****"
"1586","potere","emanare",9562180,2394,967,810,"attr",44.74156,"*****"
"1587","volere","negare",9144549,20714,7155,6702.4,"attr",44.7096,"*****"
"1588","volere","fermare",9144549,47023,15884,15215.2,"attr",43.21374,"*****"
"1589","volere","sognare",9144549,4415,1634,1428.6,"attr",42.6982,"*****"
"1590","dovere","iniziare",9554798,81043,28279,27399.4,"attr",42.56326,"*****"
"1591","potere","integrare",9562180,15600,5657,5278.2,"attr",40.65475,"*****"
"1592","dovere","scattare",9554798,6944,2601,2347.7,"attr",40.64167,"*****"
"1593","volere","spaventare",9144549,5991,2171,1938.5,"attr",40.44327,"*****"
"1594","dovere","voltare",9554798,1924,784,650.5,"attr",40.22408,"*****"
"1595","volere","paragonare",9144549,6236,2253,2017.8,"attr",39.79102,"*****"
"1596","volere","perdonare",9144549,5497,1996,1778.7,"attr",38.50448,"*****"
"1597","potere","soggiornare",9562180,5079,1929,1718.5,"attr",38.28317,"*****"
"1598","potere","coltivare",9562180,8274,3066,2799.5,"attr",37.80796,"*****"
"1599","dovere","riempire",9554798,9857,3622,3332.5,"attr",37.50325,"*****"
"1600","potere","tralasciare",9562180,2778,1093,939.9,"attr",36.7976,"*****"
"1601","volere","personalizzare",9144549,7131,2548,2307.4,"attr",36.48351,"*****"
"1602","potere","sfogare",9562180,2340,931,791.7,"attr",36.10047,"*****"
"1603","potere","ottimizzare",9562180,2942,1151,995.4,"attr",35.92656,"*****"
"1604","volere","ingannare",9144549,4328,1586,1400.4,"attr",35.60481,"*****"
"1605","potere","acquisire",9562180,17681,6358,5982.3,"attr",35.33498,"*****"
"1606","dovere","collegare",9554798,19118,6851,6463.5,"attr",34.7916,"*****"
"1607","volere","accelerare",9144549,5927,2132,1917.8,"attr",34.74349,"*****"
"1608","dovere","evolvere",9554798,4932,1864,1667.4,"attr",34.39814,"*****"
"1609","volere","abbinare",9144549,6600,2360,2135.6,"attr",34.28955,"*****"
"1610","dovere","arrampicare",9554798,1731,702,585.2,"attr",34.2194,"*****"
"1611","potere","trattenere",9562180,7698,2849,2604.6,"attr",34.17958,"*****"
"1612","potere","subire",9562180,38875,13700,13153.2,"attr",34.17632,"*****"
"1613","potere","rinviare",9562180,1921,772,650,"attr",33.71439,"*****"
"1614","dovere","rimuovere",9554798,11101,4043,3753.1,"attr",33.44606,"*****"
"1615","volere","arrendere",9144549,11902,4147,3851.1,"attr",33.19627,"*****"
"1616","potere","collocare",9562180,7606,2812,2573.5,"attr",32.95603,"*****"
"1617","volere","allungare",9144549,4778,1732,1546,"attr",32.44775,"*****"
"1618","potere","alimentare",9562180,6607,2455,2235.5,"attr",32.11183,"*****"
"1619","potere","finanziare",9562180,5258,1970,1779,"attr",30.4909,"*****"
"1620","volere","progredire",9144549,1949,746,630.6,"attr",30.32856,"*****"
"1621","potere","indirizzare",9562180,7066,2611,2390.8,"attr",30.24416,"*****"
"1622","potere","tracciare",9562180,5230,1959,1769.6,"attr",30.1673,"*****"
"1623","potere","citare",9562180,23264,8255,7871.3,"attr",28.0779,"*****"
"1624","potere","ingannare",9562180,4328,1626,1464.4,"attr",26.52368,"*****"
"1625","volere","associare",9144549,8586,3002,2778.2,"attr",26.31702,"*****"
"1626","potere","preferire",9562180,3314,1262,1121.3,"attr",26.19852,"*****"
"1627","dovere","progettare",9554798,5086,1893,1719.5,"attr",26.0497,"*****"
"1628","volere","liquidare",9144549,2443,908,790.5,"attr",25.23072,"*****"
"1629","volere","bloccare",9144549,10655,3690,3447.6,"attr",24.90666,"*****"
"1630","volere","scoraggiare",9144549,3462,1256,1120.2,"attr",23.87163,"*****"
"1631","volere","raccogliere",9144549,23392,7918,7568.9,"attr",23.63562,"*****"
"1632","dovere","aggiornare",9554798,12419,4454,4198.7,"attr",23.24475,"*****"
"1633","potere","rivendicare",9562180,4287,1601,1450.5,"attr",23.23885,"*****"
"1634","volere","inseguire",9144549,2256,838,730,"attr",23.08865,"*****"
"1635","volere","concentrare",9144549,21179,7181,6852.9,"attr",23.05852,"*****"
"1636","potere","attribuire",9562180,13751,4918,4652.6,"attr",22.68889,"*****"
"1637","potere","disputare",9562180,2543,975,860.4,"attr",22.61321,"*****"
"1638","volere","approdare",9144549,2868,1048,928,"attr",22.47329,"*****"
"1639","volere","emigrare",9144549,2112,786,683.4,"attr",22.24915,"*****"
"1640","volere","scambiare",9144549,7915,2756,2561,"attr",21.6701,"*****"
"1641","potere","sedere",9562180,8668,3138,2932.8,"attr",21.47458,"*****"
"1642","volere","rivendicare",9144549,4287,1525,1387.1,"attr",19.93203,"*****"
"1643","potere","obbligare",9562180,4251,1576,1438.3,"attr",19.63577,"*****"
"1644","potere","elevare",9562180,3085,1161,1043.8,"attr",19.55762,"*****"
"1645","dovere","piacere",9554798,12952,4615,4378.9,"attr",19.08238,"****"
"1646","potere","certificare",9562180,2227,851,753.5,"attr",18.70602,"****"
"1647","potere","dialogare",9562180,5313,1947,1797.6,"attr",18.52276,"****"
"1648","potere","assolvere",9562180,4679,1723,1583.1,"attr",18.43081,"****"
"1649","volere","rimuovere",9144549,11101,3804,3591.9,"attr",18.33378,"****"
"1650","volere","apprendere",9144549,10359,3556,3351.8,"attr",18.20235,"****"
"1651","potere","prolungare",9562180,4249,1568,1437.6,"attr",17.6236,"****"
"1652","dovere","imbarcare",9554798,2617,987,884.8,"attr",17.5395,"****"
"1653","potere","divertire",9562180,21296,7495,7205.4,"attr",17.49079,"****"
"1654","potere","rivivere",9562180,6048,2201,2046.3,"attr",17.47003,"****"
"1655","dovere","attivare",9554798,21223,7463,7175.2,"attr",17.34516,"****"
"1656","potere","incassare",9562180,2572,971,870.2,"attr",17.33419,"****"
"1657","potere","instaurare",9562180,4820,1768,1630.8,"attr",17.21654,"****"
"1658","potere","cuocere",9562180,4144,1529,1402.1,"attr",17.12038,"****"
"1659","dovere","impiegare",9554798,9133,3274,3087.7,"attr",16.8223,"****"
"1660","dovere","riparare",9554798,5011,1832,1694.1,"attr",16.73888,"****"
"1661","volere","governare",9144549,9158,3146,2963.2,"attr",16.49749,"****"
"1662","potere","chiamare",9562180,60742,21012,20551.8,"attr",15.55049,"****"
"1663","potere","argomentare",9562180,1852,707,626.6,"attr",15.29014,"****"
"1664","volere","pescare",9144549,4230,1488,1368.7,"attr",15.15698,"****"
"1665","potere","tacere",9562180,4905,1787,1659.6,"attr",14.6121,"***"
"1666","potere","saltare",9562180,10058,3584,3403.1,"attr",14.42018,"***"
"1667","volere","licenziare",9144549,3223,1144,1042.9,"attr",14.27364,"***"
"1668","dovere","votare",9554798,19730,6921,6670.4,"attr",14.14688,"***"
"1669","volere","tralasciare",9144549,2778,992,898.9,"attr",14.02588,"***"
"1670","potere","diffondere",9562180,9318,3324,3152.7,"attr",13.95057,"***"
"1671","volere","udire",9144549,2449,877,792.4,"attr",13.11765,"***"
"1672","potere","destare",9562180,2468,920,835,"attr",12.86571,"***"
"1673","volere","guarire",9144549,6872,2358,2223.6,"attr",11.8977,"***"
"1674","dovere","supportare",9554798,8135,2898,2750.3,"attr",11.88256,"***"
"1675","volere","suonare",9144549,13161,4444,4258.5,"attr",11.86485,"***"
"1676","potere","soffrire",9562180,10887,3853,3683.6,"attr",11.6969,"***"
"1677","potere","proseguire",9562180,26827,9340,9076.8,"attr",11.49126,"***"
"1678","volere","affiancare",9144549,5939,2044,1921.7,"attr",11.39198,"***"
"1679","dovere","trascurare",9554798,5168,1860,1747.2,"attr",10.88918,"***"
"1680","dovere","trasportare",9554798,6806,2430,2301,"attr",10.8318,"***"
"1681","dovere","ricoprire",9554798,5760,2066,1947.4,"attr",10.81665,"**"
"1682","dovere","spiegare",9554798,52945,18256,17899.9,"attr",10.68795,"**"
"1683","potere","orientare",9562180,8388,2979,2838,"attr",10.50092,"**"
"1684","volere","stampare",9144549,9286,3147,3004.7,"attr",9.8925,"**"
"1685","potere","cucinare",9562180,5911,2113,2000,"attr",9.57246,"**"
"1686","dovere","collocare",9554798,7606,2699,2571.5,"attr",9.48272,"**"
"1687","dovere","fissare",9554798,9388,3312,3173.9,"attr",9.01317,"**"
"1688","potere","camminare",9562180,12567,4411,4252,"attr",8.93728,"**"
"1689","dovere","formare",9554798,17987,6268,6081.1,"attr",8.63808,"**"
"1690","dovere","levare",9554798,3519,1272,1189.7,"attr",8.50575,"**"
"1691","dovere","fungere",9554798,5083,1816,1718.5,"attr",8.28703,"**"
"1692","dovere","sparare",9554798,5884,2094,1989.3,"attr",8.2595,"**"
"1693","potere","contrastare",9562180,7703,2725,2606.3,"attr",8.11683,"**"
"1694","potere","vedere",9562180,352219,119956,119172,"attr",7.88613,"**"
"1695","dovere","consumare",9554798,10703,3754,3618.5,"attr",7.62034,"**"
"1696","volere","iscrivere",9144549,28907,9573,9353.4,"attr",7.59898,"**"
"1697","volere","accendere",9144549,7130,2416,2307,"attr",7.54845,"**"
"1698","dovere","approdare",9554798,2868,1039,969.6,"attr",7.41624,"**"
"1699","potere","discutere",9562180,26761,9262,9054.5,"attr",7.16857,"**"
"1700","potere","procurare",9562180,9433,3315,3191.6,"attr",7.16693,"**"
"1701","dovere","fidare",9554798,12428,4342,4201.7,"attr",7.04112,"**"
"1702","potere","approfittare",9562180,20356,7065,6887.4,"attr",6.89994,"**"
"1703","volere","dividere",9144549,14394,4805,4657.4,"attr",6.8768,"**"
"1704","dovere","arrestare",9554798,4979,1766,1683.3,"attr",6.08822,"*"
"1705","potere","rovinare",9562180,10502,3673,3553.3,"attr",6.0628,"*"
"1706","potere","invertire",9562180,3562,1273,1205.2,"attr",5.71661,"*"
"1707","potere","accordare",9562180,4076,1451,1379.1,"attr",5.62014,"*"
"1708","dovere","crescere",9554798,29136,10033,9850.4,"attr",5.10137,"*"
"1709","dovere","mutare",9554798,3598,1279,1216.4,"attr",4.82375,"*"
"1710","potere","concedere",9562180,22654,7820,7664.9,"attr",4.73211,"*"
"1711","potere","perdonare",9562180,5497,1935,1859.9,"attr",4.55612,"*"
"1712","potere","coincidere",9562180,4982,1757,1685.6,"attr",4.536,"*"
"1713","dovere","caricare",9554798,11325,3935,3828.8,"attr",4.43127,"*"
"1714","dovere","sporcare",9554798,1926,694,651.2,"attr",4.21655,"*"
"1715","dovere","rallentare",9554798,4669,1644,1578.5,"attr",4.07753,"*"
"1716","potere","sciogliere",9562180,6288,2203,2127.5,"attr",4.02529,"*"
"1717","dovere","affidare",9554798,21269,7328,7190.7,"attr",3.94977,"*"
"1718","potere","sopportare",9562180,19478,6720,6590.3,"attr",3.84789,"*"
"1719","dovere","finanziare",9554798,5258,1845,1777.7,"attr",3.8325,"ns"
"1720","dovere","qualificare",9554798,4217,1482,1425.7,"attr",3.3378,"ns"
"1721","potere","tradire",9562180,2764,980,935.2,"attr",3.2211,"ns"
"1722","volere","riunire",9144549,6885,2296,2227.8,"attr",3.07381,"ns"
"1723","dovere","accordare",9554798,4076,1431,1378,"attr",3.05729,"ns"
"1724","potere","partorire",9562180,1991,710,673.6,"attr",2.94011,"ns"
"1725","volere","riposare",9144549,7969,2650,2578.5,"attr",2.91636,"ns"
"1726","dovere","dividere",9554798,14394,4963,4866.4,"attr",2.88949,"ns"
"1727","potere","stimolare",9562180,8708,3020,2946.3,"attr",2.7746,"ns"
"1728","potere","scoprire",9562180,51716,17671,17497.9,"attr",2.58834,"ns"
"1729","volere","tirare",9144549,21674,7119,7013,"attr",2.36284,"ns"
"1730","potere","eleggere",9562180,2314,818,782.9,"attr",2.35724,"ns"
"1731","potere","convivere",9562180,8360,2892,2828.6,"attr",2.1424,"ns"
"1732","dovere","alleare",9554798,2084,736,704.6,"attr",2.10356,"ns"
"1733","volere","pianificare",9144549,4276,1426,1383.6,"attr",1.91295,"ns"
"1734","dovere","esplodere",9554798,2019,712,682.6,"attr",1.90103,"ns"
"1735","potere","avviare",9562180,18990,6515,6425.2,"attr",1.89411,"ns"
"1736","dovere","domandare",9554798,6948,2402,2349,"attr",1.79954,"ns"
"1737","potere","ricadere",9562180,3658,1275,1237.7,"attr",1.69371,"ns"
"1738","dovere","piangere",9554798,5053,1750,1708.3,"attr",1.52886,"ns"
"1739","potere","spiegare",9562180,52945,18047,17913.7,"attr",1.49927,"ns"
"1740","potere","raccomandare",9562180,2344,818,793.1,"attr",1.1773,"ns"
"1741","dovere","sedere",9554798,8668,2977,2930.5,"attr",1.11121,"ns"
"1742","volere","consolare",9144549,2894,963,936.4,"attr",1.11108,"ns"
"1743","dovere","licenziare",9554798,3223,1116,1089.6,"attr",0.95919,"ns"
"1744","volere","arrestare",9144549,4979,1641,1611,"attr",0.82068,"ns"
"1745","potere","riparare",9562180,5011,1724,1695.5,"attr",0.72462,"ns"
"1746","volere","recedere",9144549,2681,887,867.5,"attr",0.64637,"ns"
"1747","dovere","incoraggiare",9554798,5287,1814,1787.5,"attr",0.59423,"ns"
"1748","volere","riscrivere",9144549,3550,1170,1148.7,"attr",0.58379,"ns"
"1749","dovere","sostituire",9554798,42730,14519,14446.4,"attr",0.55202,"ns"
"1750","potere","aderire",9562180,18173,6193,6148.8,"attr",0.48071,"ns"
"1751","volere","rinascere",9144549,2740,903,886.6,"attr",0.44827,"ns"
"1752","dovere","perfezionare",9554798,2602,894,879.7,"attr",0.35044,"ns"
"1753","dovere","impugnare",9554798,2002,688,676.8,"attr",0.27697,"ns"
"1754","volere","sparare",9144549,5884,1921,1903.9,"attr",0.22731,"ns"
"1755","dovere","rimediare",9554798,5484,1869,1854.1,"attr",0.18172,"ns"
"1756","potere","esprimere",9562180,70790,24002,23951.5,"attr",0.1611,"ns"
"1757","potere","elaborare",9562180,6224,2117,2105.9,"attr",0.0889,"ns"
"1758","potere","negoziare",9562180,2318,791,784.3,"attr",0.08674,"ns"
"1759","potere","disegnare",9562180,5534,1880,1872.4,"attr",0.04651,"ns"
"1760","potere","raccogliere",9562180,23392,7930,7914.6,"attr",0.04535,"ns"
"1761","potere","colmare",9562180,4214,1432,1425.8,"attr",0.04084,"ns"
"1762","volere","negoziare",9144549,2318,754,750,"attr",0.031,"ns"
"1763","volere","illuminare",9144549,4402,1429,1424.3,"attr",0.02243,"ns"
"1764","volere","alleviare",9144549,3066,995,992.1,"attr",0.01286,"ns"
"1765","volere","alimentare",9144549,6607,2140,2137.8,"attr",0.00329,"ns"
"1766","dovere","stipulare",9554798,4850,1641,1639.7,"attr",0.00153,"ns"
"1767","potere","attaccare",9562180,11847,4009,4008.4,"attr",0.00014,"ns"
"1768","potere","assegnare",9562180,8024,2714,2714.9,"rep",0.00044,"ns"
"1769","potere","fissare",9562180,9388,3174,3176.4,"rep",0.00273,"ns"
"1770","volere","praticare",9144549,12944,4185,4188.3,"rep",0.00379,"ns"
"1771","potere","pianificare",9562180,4276,1442,1446.8,"rep",0.02377,"ns"
"1772","potere","liquidare",9562180,2443,822,826.6,"rep",0.03839,"ns"
"1773","potere","differenziare",9562180,3036,1022,1027.2,"rep",0.04011,"ns"
"1774","potere","progettare",9562180,5086,1713,1720.8,"rep",0.05388,"ns"
"1775","dovere","affiancare",9554798,5939,1997,2007.9,"rep",0.08928,"ns"
"1776","dovere","riconquistare",9554798,2598,871,878.3,"rep",0.09292,"ns"
"1777","potere","accostare",9562180,4006,1344,1355.4,"rep",0.14551,"ns"
"1778","potere","ridere",9562180,2950,988,998.1,"rep",0.15539,"ns"
"1779","potere","spedire",9562180,6463,2170,2186.7,"rep",0.19377,"ns"
"1780","potere","raddoppiare",9562180,3171,1061,1072.9,"rep",0.19973,"ns"
"1781","dovere","negoziare",9554798,2318,773,783.7,"rep",0.22044,"ns"
"1782","volere","invertire",9144549,3562,1139,1152.6,"rep",0.23609,"ns"
"1783","potere","crescere",9562180,29136,9817,9858.1,"rep",0.25885,"ns"
"1784","volere","disattivare",9144549,3312,1057,1071.7,"rep",0.29722,"ns"
"1785","volere","posizionare",9144549,6405,2052,2072.5,"rep",0.29914,"ns"
"1786","volere","riempire",9144549,9857,3164,3189.4,"rep",0.29999,"ns"
"1787","volere","tagliare",9144549,16191,5206,5238.9,"rep",0.306,"ns"
"1788","dovere","ricostruire",9554798,10492,3519,3547.2,"rep",0.33897,"ns"
"1789","dovere","riposare",9554798,7969,2669,2694.2,"rep",0.35672,"ns"
"1790","potere","comporre",9562180,4526,1512,1531.4,"rep",0.37055,"ns"
"1791","dovere","mollare",9554798,5936,1984,2006.9,"rep",0.39465,"ns"
"1792","potere","vietare",9562180,3426,1138,1159.2,"rep",0.58639,"ns"
"1793","potere","segnare",9562180,8081,2701,2734.2,"rep",0.60977,"ns"
"1794","potere","reagire",9562180,8676,2901,2935.5,"rep",0.61388,"ns"
"1795","volere","impegnare",9144549,27807,8936,8997.5,"rep",0.62236,"ns"
"1796","dovere","scaturire",9554798,5008,1666,1693.1,"rep",0.6586,"ns"
"1797","dovere","indagare",9554798,9261,3092,3131,"rep",0.73585,"ns"
"1798","volere","interpretare",9144549,14011,4484,4533.5,"rep",0.80167,"ns"
"1799","volere","indirizzare",9144549,7066,2251,2286.3,"rep",0.80982,"ns"
"1800","volere","cedere",9144549,20027,6420,6480.1,"rep",0.8263,"ns"
"1801","dovere","stringere",9554798,7320,2437,2474.8,"rep",0.87385,"ns"
"1802","potere","annullare",9562180,7104,2363,2403.6,"rep",1.0402,"ns"
"1803","volere","ritrovare",9144549,24746,7932,8007,"rep",1.04211,"ns"
"1804","potere","accelerare",9562180,5927,1968,2005.4,"rep",1.0564,"ns"
"1805","potere","stendere",9562180,2892,952,978.5,"rep",1.08944,"ns"
"1806","potere","mangiare",9562180,46112,15494,15601.8,"rep",1.12925,"ns"
"1807","potere","riposare",9562180,7969,2650,2696.3,"rep",1.20436,"ns"
"1808","potere","destinare",9562180,4789,1582,1620.3,"rep",1.3767,"ns"
"1809","dovere","tradurre",9554798,13945,4648,4714.6,"rep",1.42516,"ns"
"1810","dovere","pianificare",9554798,4276,1408,1445.7,"rep",1.48813,"ns"
"1811","potere","sollevare",9562180,7198,2384,2435.4,"rep",1.64671,"ns"
"1812","dovere","tornare",9554798,125032,42056,42271.4,"rep",1.66762,"ns"
"1813","dovere","sbloccare",9554798,3793,1242,1282.4,"rep",1.92907,"ns"
"1814","potere","allestire",9562180,2914,950,985.9,"rep",1.99243,"ns"
"1815","potere","istituire",9562180,5789,1907,1958.7,"rep",2.07081,"ns"
"1816","dovere","documentare",9554798,5359,1762,1811.8,"rep",2.07763,"ns"
"1817","potere","ritagliare",9562180,2848,925,963.6,"rep",2.35409,"ns"
"1818","potere","suonare",9562180,13161,4368,4453,"rep",2.45959,"ns"
"1819","dovere","denunciare",9554798,8884,2933,3003.5,"rep",2.5139,"ns"
"1820","volere","piegare",9144549,6370,2002,2061.1,"rep",2.52139,"ns"
"1821","potere","espandere",9562180,5292,1733,1790.5,"rep",2.809,"ns"
"1822","volere","concludere",9144549,34582,11039,11189.7,"rep",3.0095,"ns"
"1823","potere","importare",9562180,5374,1758,1818.3,"rep",3.03689,"ns"
"1824","volere","crescere",9144549,29136,9286,9427.5,"rep",3.15131,"ns"
"1825","potere","montare",9562180,14910,4941,5044.7,"rep",3.23699,"ns"
"1826","volere","sacrificare",9144549,4571,1422,1479,"rep",3.27421,"ns"
"1827","dovere","suonare",9554798,13161,4349,4449.5,"rep",3.44633,"ns"
"1828","dovere","dedurre",9554798,9078,2985,3069.1,"rep",3.50153,"ns"
"1829","dovere","invertire",9554798,3562,1150,1204.3,"rep",3.72188,"ns"
"1830","dovere","telefonare",9554798,3774,1219,1275.9,"rep",3.86732,"*"
"1831","potere","sottovalutare",9562180,2664,852,901.4,"rep",4.12273,"*"
"1832","dovere","venire",9554798,84278,28213,28493.1,"rep",4.17986,"*"
"1833","potere","ascoltare",9562180,40618,13542,13742.9,"rep",4.45773,"*"
"1834","volere","imbarcare",9144549,2617,796,846.8,"rep",4.55123,"*"
"1835","potere","imbarcare",9562180,2617,834,885.5,"rep",4.5638,"*"
"1836","volere","specificare",9144549,10690,3355,3459,"rep",4.64476,"*"
"1837","dovere","integrare",9554798,15600,5145,5274.1,"rep",4.79817,"*"
"1838","dovere","staccare",9554798,9449,3094,3194.6,"rep",4.80953,"*"
"1839","volere","cercare",9144549,96903,31036,31354.8,"rep",4.81662,"*"
"1840","potere","sommare",9562180,2347,741,794.1,"rep",5.4281,"*"
"1841","volere","fondare",9144549,8151,2538,2637.4,"rep",5.5782,"*"
"1842","dovere","conciliare",9554798,3550,1132,1200.2,"rep",5.91252,"*"
"1843","dovere","cambiare",9554798,148044,49602,50051.5,"rep",6.13859,"*"
"1844","potere","comandare",9562180,3588,1144,1214,"rep",6.15853,"*"
"1845","potere","schierare",9562180,4007,1280,1355.8,"rep",6.4589,"*"
"1846","volere","prendere",9144549,207237,66503,67055.4,"rep",6.78761,"**"
"1847","potere","spingere",9562180,23334,7707,7895,"rep",6.79618,"**"
"1848","potere","depositare",9562180,4536,1452,1534.7,"rep",6.80417,"**"
"1849","volere","spegnere",9144549,5607,1723,1814.3,"rep",6.84787,"**"
"1850","dovere","produrre",9554798,37948,12589,12829.6,"rep",6.84982,"**"
"1851","potere","criticare",9562180,4779,1531,1617,"rep",6.96949,"**"
"1852","dovere","trascinare",9554798,3599,1140,1216.8,"rep",7.39725,"**"
"1853","potere","dettare",9562180,2566,802,868.2,"rep",7.72934,"**"
"1854","potere","riaprire",9562180,5335,1709,1805.1,"rep",7.80007,"**"
"1855","volere","alzare",9144549,17041,5343,5513.9,"rep",7.88191,"**"
"1856","volere","correggere",9144549,9051,2801,2928.6,"rep",8.2886,"**"
"1857","potere","attuare",9562180,12287,4006,4157.3,"rep",8.37211,"**"
"1858","dovere","dipendere",9554798,11285,3670,3815.3,"rep",8.41544,"**"
"1859","dovere","monitorare",9554798,5627,1797,1902.4,"rep",8.90785,"**"
"1860","volere","fissare",9144549,9388,2902,3037.7,"rep",9.0319,"**"
"1861","dovere","amare",9554798,16068,5251,5432.3,"rep",9.20254,"**"
"1862","potere","dormire",9562180,14856,4851,5026.5,"rep",9.31694,"**"
"1863","dovere","resistere",9554798,12342,4012,4172.6,"rep",9.40824,"**"
"1864","potere","affiancare",9562180,5939,1898,2009.4,"rep",9.43034,"**"
"1865","potere","registrare",9562180,23377,7682,7909.5,"rep",9.94689,"**"
"1866","volere","sconfiggere",9144549,5129,1554,1659.6,"rep",10.0475,"**"
"1867","volere","frequentare",9144549,11436,3540,3700.3,"rep",10.35427,"**"
"1868","potere","infilare",9562180,3547,1109,1200.1,"rep",10.59324,"**"
"1869","potere","cliccare",9562180,8417,2707,2847.9,"rep",10.62119,"**"
"1870","volere","violare",9144549,2643,777,855.2,"rep",10.74982,"**"
"1871","potere","potenziare",9562180,4018,1259,1359.5,"rep",11.36779,"***"
"1872","volere","distribuire",9144549,4218,1263,1364.8,"rep",11.38371,"***"
"1873","potere","sparare",9562180,5884,1869,1990.8,"rep",11.38783,"***"
"1874","potere","arrestare",9562180,4979,1572,1684.6,"rep",11.51246,"***"
"1875","volere","estrarre",9144549,5368,1620,1736.9,"rep",11.77994,"***"
"1876","dovere","piazzare",9554798,2576,789,870.9,"rep",11.83076,"***"
"1877","potere","disturbare",9562180,5084,1603,1720.2,"rep",12.20192,"***"
"1878","dovere","riscoprire",9554798,4361,1365,1474.4,"rep",12.42013,"***"
"1879","dovere","risolvere",9554798,45987,15184,15547.5,"rep",12.91121,"***"
"1880","potere","avvertire",9562180,7580,2417,2564.7,"rep",12.97901,"***"
"1881","potere","fingere",9562180,2946,902,996.8,"rep",13.84596,"***"
"1882","dovere","rompere",9554798,11780,3790,3982.6,"rep",14.19861,"***"
"1883","dovere","allontanare",9554798,13241,4272,4476.6,"rep",14.24077,"***"
"1884","dovere","sollecitare",9554798,3552,1093,1200.9,"rep",14.87256,"***"
"1885","volere","respirare",9144549,4889,1456,1581.9,"rep",15.03947,"***"
"1886","dovere","reggere",9554798,6832,2159,2309.8,"rep",15.04344,"***"
"1887","dovere","salire",9554798,20358,6619,6882.7,"rep",15.37683,"****"
"1888","potere","nominare",9562180,8155,2590,2759.2,"rep",15.85263,"****"
"1889","dovere","distribuire",9554798,4218,1304,1426,"rep",16.01696,"****"
"1890","dovere","supporre",9554798,4229,1306,1429.8,"rep",16.43144,"****"
"1891","volere","accordare",9144549,4076,1194,1318.9,"rep",17.78788,"****"
"1892","volere","recitare",9144549,4015,1175,1299.1,"rep",17.8484,"****"
"1893","dovere","comperare",9554798,3083,932,1042.3,"rep",17.97153,"****"
"1894","dovere","riscontrare",9554798,8084,2553,2733.1,"rep",18.13333,"****"
"1895","potere","rilasciare",9562180,9546,3034,3229.9,"rep",18.14108,"****"
"1896","dovere","infilare",9554798,3547,1080,1199.2,"rep",18.21224,"****"
"1897","volere","integrare",9144549,15600,4798,5047.7,"rep",18.42989,"****"
"1898","dovere","risentire",9554798,2652,793,896.6,"rep",18.46002,"****"
"1899","potere","dividere",9562180,14394,4626,4870.2,"rep",18.66586,"****"
"1900","dovere","implementare",9554798,4371,1343,1477.8,"rep",18.86765,"****"
"1901","potere","replicare",9562180,6116,1907,2069.3,"rep",19.51024,"****"
"1902","dovere","separare",9554798,8938,2824,3021.8,"rep",19.78724,"*****"
"1903","volere","battere",9144549,11031,3351,3569.3,"rep",19.96285,"*****"
"1904","potere","ballare",9562180,3259,983,1102.7,"rep",20.00872,"*****"
"1905","potere","confidare",9562180,2939,880,994.4,"rep",20.30072,"*****"
"1906","potere","curare",9562180,15819,5085,5352.3,"rep",20.35724,"*****"
"1907","potere","piazzare",9562180,2576,764,871.6,"rep",20.51498,"*****"
"1908","volere","spiegare",9144549,52945,16642,17131.4,"rep",20.80813,"*****"
"1909","potere","copiare",9562180,6019,1869,2036.5,"rep",21.12475,"*****"
"1910","dovere","indirizzare",9554798,7066,2204,2388.9,"rep",21.91801,"*****"
"1911","volere","recuperare",9144549,31302,9737,10128.4,"rep",22.53406,"*****"
"1912","dovere","giungere",9554798,15496,4960,5239,"rep",22.65684,"*****"
"1913","potere","licenziare",9562180,3223,963,1090.5,"rep",22.99919,"*****"
"1914","volere","incominciare",9144549,3031,857,980.7,"rep",23.63738,"*****"
"1915","dovere","liquidare",9554798,2443,713,825.9,"rep",23.91319,"*****"
"1916","volere","ragionare",9144549,8902,2666,2880.4,"rep",23.92434,"*****"
"1917","dovere","accelerare",9554798,5927,1827,2003.8,"rep",23.943,"*****"
"1918","potere","amare",9562180,16068,5139,5436.5,"rep",24.8554,"*****"
"1919","volere","progettare",9144549,5086,1480,1645.7,"rep",25.12526,"*****"
"1920","dovere","sconfiggere",9554798,5129,1565,1734,"rep",25.32611,"*****"
"1921","dovere","raccogliere",9554798,23392,7544,7908.5,"rep",25.5969,"*****"
"1922","volere","riparare",9144549,5011,1455,1621.4,"rep",25.73716,"*****"
"1923","dovere","fondere",9554798,2819,827,953.1,"rep",25.79579,"*****"
"1924","volere","ordinare",9144549,11738,3540,3798.1,"rep",26.25197,"*****"
"1925","dovere","condannare",9554798,4330,1303,1463.9,"rep",27.24596,"*****"
"1926","potere","catturare",9562180,5929,1816,2006.1,"rep",27.67113,"*****"
"1927","dovere","abbattere",9554798,7864,2437,2658.7,"rep",28.34228,"*****"
"1928","potere","avventurare",9562180,2503,721,846.9,"rep",29.05069,"*****"
"1929","potere","ridare",9562180,5214,1581,1764.1,"rep",29.26555,"*****"
"1930","volere","godere",9144549,57972,18145,18757.9,"rep",29.84156,"*****"
"1931","dovere","impostare",9554798,11831,3715,3999.9,"rep",31.04289,"*****"
"1932","potere","trascinare",9562180,3599,1060,1217.7,"rep",31.59418,"*****"
"1933","potere","testare",9562180,8361,2587,2828.9,"rep",31.74017,"*****"
"1934","volere","rimandare",9144549,5111,1467,1653.8,"rep",31.85054,"*****"
"1935","potere","riempire",9562180,9857,3071,3335.1,"rep",32.04745,"*****"
"1936","dovere","incentivare",9554798,4007,1187,1354.7,"rep",32.06732,"*****"
"1937","dovere","nominare",9554798,8155,2517,2757.1,"rep",32.07323,"*****"
"1938","volere","attuare",9144549,12287,3682,3975.7,"rep",32.52192,"*****"
"1939","potere","adempiere",9562180,4380,1304,1482,"rep",32.99558,"*****"
"1940","dovere","programmare",9554798,5637,1702,1905.8,"rep",33.55105,"*****"
"1941","dovere","alimentare",9554798,6607,2012,2233.7,"rep",33.84031,"*****"
"1942","volere","sedere",9144549,8668,2553,2804.7,"rep",33.95829,"*****"
"1943","potere","fondere",9562180,2819,809,953.8,"rep",34.1515,"*****"
"1944","potere","smentire",9562180,3518,1028,1190.3,"rep",34.27771,"*****"
"1945","volere","apportare",9144549,10068,2982,3257.7,"rep",35.04362,"*****"
"1946","dovere","trasferire",9554798,19168,6090,6480.4,"rep",35.92382,"*****"
"1947","dovere","percepire",9554798,6833,2075,2310.1,"rep",36.81541,"*****"
"1948","volere","connettere",9144549,4778,1351,1546,"rep",37.24644,"*****"
"1949","dovere","costituire",9554798,41242,13358,13943.3,"rep",37.43522,"*****"
"1950","potere","aggirare",9562180,4789,1421,1620.3,"rep",37.88771,"*****"
"1951","dovere","estrarre",9554798,5368,1599,1814.8,"rep",39.61397,"*****"
"1952","potere","memorizzare",9562180,3377,970,1142.6,"rep",40.4994,"*****"
"1953","potere","scomparire",9562180,4387,1287,1484.3,"rep",40.60494,"*****"
"1954","dovere","dettare",9554798,2566,715,867.5,"rep",41.85129,"*****"
"1955","volere","sistemare",9144549,7396,2134,2393.1,"rep",42.33232,"*****"
"1956","volere","toccare",9144549,21424,6489,6932.1,"rep",42.39761,"*****"
"1957","volere","appoggiare",9144549,6787,1943,2196.1,"rep",44.06102,"*****"
"1958","potere","appoggiare",9562180,6787,2038,2296.4,"rep",44.81976,"*****"
"1959","dovere","autorizzare",9554798,4222,1224,1427.4,"rep",44.9297,"*****"
"1960","potere","posizionare",9562180,6405,1911,2167.1,"rep",46.71972,"*****"
"1961","potere","appartenere",9562180,8203,2485,2775.5,"rep",46.80264,"*****"
"1962","dovere","lamentare",9554798,6303,1875,2130.9,"rep",47.45374,"*****"
"1963","dovere","frequentare",9554798,11436,3520,3866.3,"rep",47.62377,"*****"
"1964","dovere","piantare",9554798,3308,932,1118.4,"rep",48.38676,"*****"
"1965","dovere","riformare",9554798,2889,802,976.7,"rep",48.81286,"*****"
"1966","dovere","colmare",9554798,4214,1212,1424.7,"rep",49.29,"*****"
"1967","dovere","coinvolgere",9554798,19002,5956,6424.3,"rep",52.25412,"*****"
"1968","volere","raggiungere",9144549,104808,32821,33912.6,"rep",52.43587,"*****"
"1969","potere","guidare",9562180,18464,5780,6247.2,"rep",53.52822,"*****"
"1970","dovere","disegnare",9554798,5534,1616,1871,"rep",53.79875,"*****"
"1971","volere","convocare",9144549,3112,818,1006.9,"rep",54.38631,"*****"
"1972","volere","ostacolare",9144549,3485,927,1127.6,"rep",54.6454,"*****"
"1973","volere","dotare",9144549,9634,2778,3117.3,"rep",55.7224,"*****"
"1974","dovere","intitolare",9554798,2781,757,940.2,"rep",55.94149,"*****"
"1975","volere","comporre",9144549,4526,1230,1464.5,"rep",57.24661,"*****"
"1976","dovere","rifiutare",9554798,10036,3037,3393,"rep",57.50458,"*****"
"1977","potere","approdare",9562180,2868,781,970.4,"rep",57.93471,"*****"
"1978","dovere","rafforzare",9554798,8242,2462,2786.5,"rep",58.29361,"*****"
"1979","potere","comperare",9562180,3083,845,1043.1,"rep",58.92174,"*****"
"1980","volere","avvertire",9144549,7580,2143,2452.7,"rep",59.20232,"*****"
"1981","volere","fingere",9144549,2946,761,953.2,"rep",59.65318,"*****"
"1982","volere","finanziare",9144549,5258,1443,1701.3,"rep",59.70934,"*****"
"1983","potere","fotografare",9562180,4770,1362,1613.9,"rep",61.14476,"*****"
"1984","potere","costringere",9562180,6607,1938,2235.5,"rep",61.27176,"*****"
"1985","potere","inserire",9562180,60950,19703,20622.2,"rep",62.52249,"*****"
"1986","dovere","confondere",9554798,5747,1662,1943,"rep",63.0187,"*****"
"1987","potere","allenare",9562180,8716,2600,2949,"rep",63.77072,"*****"
"1988","dovere","parcheggiare",9554798,3355,919,1134.3,"rep",63.95184,"*****"
"1989","dovere","isolare",9554798,2862,769,967.6,"rep",64.01301,"*****"
"1990","potere","aggregare",9562180,2930,790,991.4,"rep",64.21805,"*****"
"1991","volere","spingere",9144549,23334,6981,7550.2,"rep",64.35881,"*****"
"1992","dovere","differenziare",9554798,3036,820,1026.4,"rep",65.13675,"*****"
"1993","potere","vivere",9562180,111380,36410,37685,"rep",65.8226,"*****"
"1994","volere","spedire",9144549,6463,1788,2091.2,"rep",66.83776,"*****"
"1995","volere","riferire",9144549,17634,5199,5705.8,"rep",67.68917,"*****"
"1996","dovere","formulare",9554798,5296,1510,1790.5,"rep",68.31706,"*****"
"1997","volere","incorrere",9144549,4082,1078,1320.8,"rep",68.41569,"*****"
"1998","dovere","allenare",9554798,8716,2584,2946.7,"rep",68.97462,"*****"
"1999","volere","girare",9144549,17226,5068,5573.8,"rep",69.03967,"*****"
"2000","potere","spezzare",9562180,5265,1500,1781.4,"rep",69.14823,"*****"
"2001","volere","confondere",9144549,5747,1567,1859.6,"rep",70.14565,"*****"
"2002","dovere","rinnovare",9554798,12609,3821,4262.9,"rep",70.50858,"*****"
"2003","potere","riferire",9562180,17634,5442,5966.4,"rep",70.77006,"*****"
"2004","dovere","perdonare",9554798,5497,1566,1858.5,"rep",71.55978,"*****"
"2005","dovere","violare",9554798,2643,692,893.6,"rep",71.71575,"*****"
"2006","potere","bruciare",9562180,5612,1600,1898.8,"rep",73.13857,"*****"
"2007","volere","salire",9144549,20358,6021,6587.2,"rep",73.14774,"*****"
"2008","dovere","suscitare",9554798,6707,1940,2267.5,"rep",73.3782,"*****"
"2009","volere","penetrare",9144549,3953,1027,1279.1,"rep",76.36281,"*****"
"2010","volere","combinare",9144549,4312,1131,1395.2,"rep",76.79252,"*****"
"2011","dovere","annunciare",9554798,6329,1814,2139.7,"rep",77.02877,"*****"
"2012","potere","sospendere",9562180,6828,1971,2310.2,"rep",77.32117,"*****"
"2013","volere","rimediare",9144549,5484,1471,1774.5,"rep",79.32164,"*****"
"2014","potere","correggere",9562180,9051,2666,3062.4,"rep",79.37157,"*****"
"2015","dovere","succedere",9554798,29457,9232,9959,"rep",81.26415,"*****"
"2016","dovere","consolidare",9554798,3671,986,1241.1,"rep",82.35565,"*****"
"2017","dovere","allestire",9554798,2914,758,985.2,"rep",82.72716,"*****"
"2018","volere","collocare",9144549,7606,2095,2461.1,"rep",82.84028,"*****"
"2019","volere","prenotare",9144549,17450,5087,5646.3,"rep",83.46388,"*****"
"2020","potere","completare",9562180,13608,4101,4604.2,"rep",84.77408,"*****"
"2021","volere","stendere",9144549,2892,709,935.8,"rep",85.35369,"*****"
"2022","dovere","ritagliare",9554798,2848,734,962.9,"rep",86.04229,"*****"
"2023","potere","predisporre",9562180,6924,1982,2342.7,"rep",86.33493,"*****"
"2024","dovere","forzare",9554798,4720,1298,1595.8,"rep",86.91201,"*****"
"2025","dovere","bere",9554798,14739,4452,4983,"rep",87.15551,"*****"
"2026","dovere","coniugare",9554798,4359,1187,1473.7,"rep",87.40107,"*****"
"2027","potere","esplorare",9562180,10478,3096,3545.2,"rep",88.01024,"*****"
"2028","volere","ridurre",9144549,39656,11963,12831.4,"rep",88.08949,"*****"
"2029","volere","interrogare",9144549,6308,1698,2041.1,"rep",88.09031,"*****"
"2030","dovere","avanzare",9554798,6573,1867,2222.2,"rep",88.34438,"*****"
"2031","dovere","sollevare",9554798,7198,2059,2433.5,"rep",89.57353,"*****"
"2032","potere","isolare",9562180,2862,734,968.3,"rep",89.82091,"*****"
"2033","potere","abitare",9562180,3582,949,1212,"rep",89.8583,"*****"
"2034","dovere","rivendicare",9554798,4287,1161,1449.4,"rep",89.98402,"*****"
"2035","potere","tentare",9562180,20606,6325,6972,"rep",92.2743,"*****"
"2036","volere","importare",9144549,5374,1412,1738.9,"rep",94.26294,"*****"
"2037","volere","preparare",9144549,40632,12237,13147.2,"rep",94.48054,"*****"
"2038","potere","sottoscrivere",9562180,7549,2160,2554.2,"rep",94.57133,"*****"
"2039","dovere","abitare",9554798,3582,941,1211,"rep",94.91625,"*****"
"2040","volere","sostituire",9144549,42730,12888,13826.1,"rep",95.40479,"*****"
"2041","potere","interpretare",9562180,14011,4199,4740.6,"rep",95.45557,"*****"
"2042","potere","accendere",9562180,7130,2025,2412.4,"rep",96.84136,"*****"
"2043","dovere","bruciare",9554798,5612,1554,1897.3,"rep",97.07326,"*****"
"2044","dovere","annullare",9554798,7104,2014,2401.8,"rep",97.42685,"*****"
"2045","dovere","rinascere",9554798,2740,688,926.4,"rep",97.43712,"*****"
"2046","volere","esaminare",9144549,9548,2641,3089.4,"rep",98.96279,"*****"
"2047","potere","convocare",9562180,3112,796,1052.9,"rep",99.34182,"*****"
"2048","potere","deludere",9562180,3092,790,1046.2,"rep",99.40743,"*****"
"2049","dovere","insegnare",9554798,23647,7275,7994.7,"rep",99.5027,"*****"
"2050","potere","donare",9562180,16193,4882,5478.8,"rep",100.21857,"*****"
"2051","dovere","smentire",9554798,3518,914,1189.4,"rep",100.71102,"*****"
"2052","potere","osare",9562180,5559,1532,1880.9,"rep",101.23692,"*****"
"2053","potere","piantare",9562180,3308,851,1119.2,"rep",101.76939,"*****"
"2054","dovere","commettere",9554798,4917,1333,1662.4,"rep",102.32966,"*****"
"2055","volere","ricondurre",9144549,4915,1265,1590.3,"rep",102.48824,"*****"
"2056","dovere","tralasciare",9554798,2778,693,939.2,"rep",102.65195,"*****"
"2057","dovere","agevolare",9554798,3487,902,1178.9,"rep",102.8076,"*****"
"2058","dovere","confermare",9554798,20549,6265,6947.3,"rep",103.06134,"*****"
"2059","dovere","riaprire",9554798,5335,1459,1803.7,"rep",103.13679,"*****"
"2060","potere","rimuovere",9562180,11101,3254,3756,"rep",103.88597,"*****"
"2061","potere","strappare",9562180,4247,1129,1437,"rep",103.88933,"*****"
"2062","potere","incominciare",9562180,3031,766,1025.5,"rep",104.28184,"*****"
"2063","potere","accompagnare",9562180,18359,5563,6211.7,"rep",104.34222,"*****"
"2064","potere","semplificare",9562180,4263,1130,1442.4,"rep",106.53985,"*****"
"2065","volere","venire",9144549,84278,25876,27269.7,"rep",106.59257,"*****"
"2066","dovere","condurre",9554798,24024,7371,8122.2,"rep",106.74027,"*****"
"2067","potere","consolidare",9562180,3671,952,1242.1,"rep",107.08532,"*****"
"2068","potere","dirigere",9562180,5736,1575,1940.8,"rep",107.90955,"*****"
"2069","potere","ripristinare",9562180,5952,1635,2013.8,"rep",111.55886,"*****"
"2070","dovere","inserire",9554798,60950,19370,20606.3,"rep",113.44566,"*****"
"2071","potere","adoperare",9562180,4686,1247,1585.5,"rep",113.73499,"*****"
"2072","dovere","vietare",9554798,3426,869,1158.3,"rep",114.58695,"*****"
"2073","potere","riunire",9562180,6885,1916,2329.5,"rep",114.65436,"*****"
"2074","dovere","copiare",9554798,6019,1648,2034.9,"rep",115.18032,"*****"
"2075","volere","sorprendere",9144549,7699,2058,2491.2,"rep",115.20417,"*****"
"2076","volere","conciliare",9144549,3550,857,1148.7,"rep",115.35842,"*****"
"2077","dovere","confidare",9554798,2939,725,993.6,"rep",115.73845,"*****"
"2078","potere","ricostruire",9562180,10492,3030,3549.9,"rep",118.21157,"*****"
"2079","dovere","vincere",9554798,45075,14150,15239.2,"rep",119.24435,"*****"
"2080","potere","adattare",9562180,16268,4851,5504.2,"rep",119.71381,"*****"
"2081","potere","misurare",9562180,16353,4878,5533,"rep",119.72747,"*****"
"2082","volere","schierare",9144549,4007,980,1296.5,"rep",120.09521,"*****"
"2083","potere","spegnere",9562180,5607,1515,1897.1,"rep",120.8159,"*****"
"2084","potere","continuare",9562180,134075,43469,45363.8,"rep",121.02148,"*****"
"2085","volere","terminare",9144549,9070,2452,2934.8,"rep",121.2349,"*****"
"2086","volere","respingere",9144549,3250,765,1051.6,"rep",122.21595,"*****"
"2087","volere","navigare",9144549,5596,1430,1810.7,"rep",123.41174,"*****"
"2088","dovere","coesistere",9554798,3124,770,1056.2,"rep",123.59101,"*****"
"2089","potere","condannare",9562180,4330,1125,1465,"rep",124.72455,"*****"
"2090","dovere","dubitare",9554798,2845,687,961.9,"rep",125.62362,"*****"
"2091","potere","svelare",9562180,7360,2042,2490.2,"rep",126.08584,"*****"
"2092","potere","legare",9562180,6573,1800,2223.9,"rep",126.58059,"*****"
"2093","potere","attirare",9562180,7143,1973,2416.8,"rep",127.46177,"*****"
"2094","dovere","giustificare",9554798,14463,4254,4889.7,"rep",127.86151,"*****"
"2095","dovere","arredare",9554798,3132,767,1058.9,"rep",128.38185,"*****"
"2096","potere","implementare",9562180,4371,1132,1478.9,"rep",128.6705,"*****"
"2097","dovere","contrastare",9554798,7703,2139,2604.3,"rep",129.82466,"*****"
"2098","dovere","ingannare",9554798,4328,1116,1463.2,"rep",130.32411,"*****"
"2099","potere","annunciare",9562180,6329,1719,2141.4,"rep",130.67942,"*****"
"2100","volere","passeggiare",9144549,3114,717,1007.6,"rep",131.65362,"*****"
"2101","volere","passare",9144549,111456,34278,36063.7,"rep",132.39646,"*****"
"2102","dovere","concorrere",9554798,8425,2356,2848.4,"rep",132.77161,"*****"
"2103","dovere","togliere",9554798,39398,12244,13319.9,"rep",133.31044,"*****"
"2104","potere","esibire",9562180,7048,1933,2384.7,"rep",133.95601,"*****"
"2105","volere","rimanere",9144549,90024,27507,29129,"rep",135.28813,"*****"
"2106","volere","raddoppiare",9144549,3171,728,1026,"rep",136.06656,"*****"
"2107","volere","camminare",9144549,12567,3463,4066.3,"rep",136.18902,"*****"
"2108","potere","riscoprire",9562180,4361,1119,1475.5,"rep",136.43135,"*****"
"2109","volere","riassumere",9144549,9650,2594,3122.4,"rep",136.66877,"*****"
"2110","volere","adottare",9144549,27971,8143,9050.5,"rep",137.19307,"*****"
"2111","potere","lavare",9562180,7670,2117,2595.1,"rep",137.78601,"*****"
"2112","volere","scatenare",9144549,5938,1507,1921.4,"rep",137.95189,"*****"
"2113","dovere","mantenere",9554798,60916,19231,20594.8,"rep",138.28253,"*****"
"2114","volere","monitorare",9144549,5627,1417,1820.7,"rep",138.3947,"*****"
"2115","potere","girare",9562180,17226,5104,5828.4,"rep",139.17499,"*****"
"2116","potere","domandare",9562180,6948,1893,2350.8,"rep",139.77662,"*****"
"2117","volere","approvare",9144549,8681,2301,2808.9,"rep",140.693,"*****"
"2118","volere","stare",9144549,145401,44942,47047.2,"rep",141.10433,"*****"
"2119","potere","scommettere",9562180,5870,1560,1986.1,"rep",143.90949,"*****"
"2120","dovere","dialogare",9554798,5313,1391,1796.2,"rep",144.22768,"*****"
"2121","volere","adoperare",9144549,4686,1139,1516.2,"rep",146.02279,"*****"
"2122","volere","sottoscrivere",9144549,7549,1960,2442.6,"rep",146.62255,"*****"
"2123","volere","completare",9144549,13608,3751,4403.1,"rep",146.9539,"*****"
"2124","volere","interrompere",9144549,12880,3532,4167.6,"rep",147.60845,"*****"
"2125","volere","rilasciare",9144549,9546,2540,3088.8,"rep",149.27475,"*****"
"2126","dovere","analizzare",9554798,13291,3835,4493.5,"rep",149.75945,"*****"
"2127","dovere","disfare",9554798,3127,742,1057.2,"rep",150.76171,"*****"
"2128","dovere","accadere",9554798,37116,11437,12548.4,"rep",151.19976,"*****"
"2129","potere","limitare",9562180,30332,9258,10262.7,"rep",151.37758,"*****"
"2130","potere","rimandare",9562180,5111,1319,1729.3,"rep",154.01626,"*****"
"2131","potere","rompere",9562180,11780,3357,3985.7,"rep",154.3116,"*****"
"2132","potere","dominare",9562180,4722,1203,1597.7,"rep",154.59523,"*****"
"2133","potere","abbassare",9562180,8302,2282,2809,"rep",154.74154,"*****"
"2134","dovere","aspirare",9554798,4331,1085,1464.2,"rep",156.12878,"*****"
"2135","potere","esporre",9562180,14068,4061,4759.9,"rep",159.31512,"*****"
"2136","volere","accogliere",9144549,19235,5411,6223.8,"rep",160.97076,"*****"
"2137","volere","commettere",9144549,4917,1184,1591,"rep",162.24699,"*****"
"2138","dovere","istituire",9554798,5789,1508,1957.2,"rep",162.76484,"*****"
"2139","dovere","prelevare",9554798,3735,904,1262.7,"rep",162.96094,"*****"
"2140","dovere","ridare",9554798,5214,1336,1762.8,"rep",163.60041,"*****"
"2141","volere","avanzare",9144549,6573,1652,2126.8,"rep",163.94133,"*****"
"2142","dovere","elevare",9554798,3085,717,1043,"rep",164.05139,"*****"
"2143","potere","riscattare",9562180,4779,1204,1617,"rep",167.55531,"*****"
"2144","potere","convertire",9562180,8496,2320,2874.6,"rep",167.67583,"*****"
"2145","dovere","prescrivere",9554798,3519,837,1189.7,"rep",167.70307,"*****"
"2146","dovere","legare",9554798,6573,1735,2222.2,"rep",168.29473,"*****"
"2147","volere","dirigere",9144549,5736,1406,1856,"rep",169.48695,"*****"
"2148","potere","sistemare",9562180,7396,1980,2502.4,"rep",171.48314,"*****"
"2149","volere","distinguere",9144549,17760,4941,5746.6,"rep",171.56774,"*****"
"2150","volere","firmare",9144549,10329,2728,3342.1,"rep",173.00881,"*****"
"2151","potere","coniugare",9562180,4359,1072,1474.9,"rep",175.54377,"*****"
"2152","dovere","cucinare",9554798,5911,1527,1998.4,"rep",175.83862,"*****"
"2153","potere","sorprendere",9562180,7699,2063,2604.9,"rep",177.2484,"*****"
"2154","dovere","riprendere",9554798,30658,9272,10365,"rep",177.57028,"*****"
"2155","dovere","gettare",9554798,6983,1841,2360.8,"rep",180.37122,"*****"
"2156","dovere","disattivare",9554798,3312,764,1119.7,"rep",182.20252,"*****"
"2157","potere","cantare",9562180,8752,2374,2961.2,"rep",182.69016,"*****"
"2158","dovere","attaccare",9554798,11847,3320,4005.3,"rep",182.86742,"*****"
"2159","volere","prevenire",9144549,7595,1918,2457.5,"rep",183.02229,"*****"
"2160","volere","acquisire",9144549,17681,4887,5721,"rep",184.93131,"*****"
"2161","volere","agevolare",9144549,3487,764,1128.3,"rep",186.4142,"*****"
"2162","potere","calare",9562180,3681,865,1245.5,"rep",186.8565,"*****"
"2163","volere","programmare",9144549,5637,1356,1824,"rep",187.14063,"*****"
"2164","volere","delegare",9144549,3453,754,1117.3,"rep",187.3292,"*****"
"2165","volere","indossare",9144549,14598,3961,4723.5,"rep",187.7977,"*****"
"2166","potere","recuperare",9562180,31302,9453,10590.9,"rep",188.49993,"*****"
"2167","volere","calare",9144549,3681,814,1191.1,"rep",188.87784,"*****"
"2168","potere","entrare",9562180,92351,29283,31246.6,"rep",189.11434,"*****"
"2169","volere","abbassare",9144549,8302,2111,2686.3,"rep",190.1399,"*****"
"2170","volere","condizionare",9144549,3933,881,1272.6,"rep",190.23382,"*****"
"2171","volere","rassegnare",9144549,7567,1897,2448.4,"rep",192.17273,"*****"
"2172","volere","ricominciare",9144549,11497,3031,3720.1,"rep",195.74444,"*****"
"2173","volere","ricercare",9144549,6764,1662,2188.6,"rep",196.76811,"*****"
"2174","volere","arrecare",9144549,3860,852,1249,"rep",199.71955,"*****"
"2175","potere","gettare",9562180,6983,1816,2362.7,"rep",199.87657,"*****"
"2176","dovere","montare",9554798,14910,4230,5040.8,"rep",203.01582,"*****"
"2177","volere","restituire",9144549,19536,5398,6321.2,"rep",205.12116,"*****"
"2178","potere","recitare",9562180,4015,942,1358.5,"rep",205.33225,"*****"
"2179","volere","portare",9144549,215905,66766,69860.1,"rep",205.76305,"*****"
"2180","dovere","ripristinare",9554798,5952,1501,2012.3,"rep",206.26026,"*****"
"2181","potere","conservare",9562180,20115,5850,6805.8,"rep",208.21069,"*****"
"2182","dovere","sfociare",9554798,3180,702,1075.1,"rep",210.33708,"*****"
"2183","potere","compiere",9562180,30167,9019,10206.9,"rep",213.50303,"*****"
"2184","potere","governare",9562180,9158,2448,3098.6,"rep",214.84732,"*****"
"2185","potere","ripercorrere",9562180,4384,1036,1483.3,"rep",216.67562,"*****"
"2186","potere","coprire",9562180,14266,4003,4826.8,"rep",219.38326,"*****"
"2187","potere","respingere",9562180,3250,713,1099.6,"rep",221.15447,"*****"
"2188","potere","scoraggiare",9562180,3462,769,1171.4,"rep",224.37077,"*****"
"2189","potere","anticipare",9562180,11481,3130,3884.6,"rep",229.77716,"*****"
"2190","dovere","facilitare",9554798,5837,1440,1973.4,"rep",229.78331,"*****"
"2191","volere","consegnare",9144549,16630,4481,5380.9,"rep",229.96853,"*****"
"2192","dovere","insorgere",9554798,5221,1261,1765.1,"rep",230.31781,"*****"
"2193","potere","indicare",9562180,49685,15222,16810.7,"rep",231.08419,"*****"
"2194","dovere","assegnare",9554798,8024,2082,2712.8,"rep",231.76362,"*****"
"2195","dovere","trattenere",9554798,7698,1985,2602.6,"rep",231.80754,"*****"
"2196","potere","organizzare",9562180,37490,11303,12684.6,"rep",232.12841,"*****"
"2197","volere","smontare",9144549,6016,1409,1946.6,"rep",232.5349,"*****"
"2198","volere","suscitare",9144549,6707,1600,2170.2,"rep",233.86156,"*****"
"2199","dovere","convertire",9554798,8496,2219,2872.4,"rep",234.57519,"*****"
"2200","volere","conseguire",9144549,9684,2443,3133.4,"rep",235.15278,"*****"
"2201","dovere","conseguire",9554798,9684,2574,3274,"rep",235.53183,"*****"
"2202","potere","affidare",9562180,21269,6139,7196.3,"rep",241.25131,"*****"
"2203","potere","assomigliare",9562180,4335,998,1466.7,"rep",241.69831,"*****"
"2204","dovere","memorizzare",9554798,3377,729,1141.7,"rep",243.27944,"*****"
"2205","volere","pulire",9144549,6305,1476,2040.1,"rep",244.3224,"*****"
"2206","potere","riscrivere",9562180,3550,776,1201.1,"rep",244.95503,"*****"
"2207","potere","documentare",9562180,5359,1284,1813.2,"rep",247.51314,"*****"
"2208","volere","supportare",9144549,8135,1984,2632.2,"rep",248.23952,"*****"
"2209","potere","spaventare",9562180,5991,1462,2027,"rep",251.61234,"*****"
"2210","volere","arrangiare",9144549,3703,764,1198.2,"rep",252.05196,"*****"
"2211","volere","annoverare",9144549,4114,872,1331.2,"rep",252.52165,"*****"
"2212","dovere","verificare",9554798,68626,21248,23201.4,"rep",252.71665,"*****"
"2213","dovere","obbligare",9554798,4251,963,1437.2,"rep",253.03693,"*****"
"2214","potere","pubblicare",9562180,18053,5111,6108.2,"rep",253.62595,"*****"
"2215","dovere","comandare",9554798,3588,777,1213,"rep",255.46158,"*****"
"2216","potere","superare",9562180,62726,19341,21223.1,"rep",256.72374,"*****"
"2217","volere","sopravvivere",9144549,12245,3141,3962.1,"rep",262.25511,"*****"
"2218","volere","lavorare",9144549,88325,26342,28579.2,"rep",263.44865,"*****"
"2219","dovere","pescare",9554798,4230,947,1430.1,"rep",264.4646,"*****"
"2220","dovere","attingere",9554798,6576,1616,2223.2,"rep",264.52689,"*****"
"2221","potere","allargare",9562180,7409,1860,2506.8,"rep",265.32551,"*****"
"2222","dovere","ammazzare",9554798,4298,965,1453.1,"rep",265.55385,"*****"
"2223","dovere","cacciare",9554798,5404,1277,1827,"rep",265.85211,"*****"
"2224","dovere","punire",9554798,4429,1001,1497.4,"rep",266.22517,"*****"
"2225","volere","qualificare",9144549,4217,887,1364.5,"rep",266.77884,"*****"
"2226","potere","preparare",9562180,40632,12205,13747.7,"rep",267.22848,"*****"
"2227","dovere","installare",9554798,22447,6436,7589,"rep",272.24279,"*****"
"2228","potere","intervenire",9562180,61239,18804,20720,"rep",272.68528,"*****"
"2229","potere","levare",9562180,3519,744,1190.6,"rep",274.31702,"*****"
"2230","volere","sbloccare",9144549,3793,769,1227.3,"rep",275.02788,"*****"
"2231","volere","sciogliere",9144549,6288,1436,2034.6,"rep",277.09359,"*****"
"2232","volere","diventare",9144549,162018,49310,52424,"rep",277.9744,"*****"
"2233","volere","spostare",9144549,26501,7323,8574.9,"rep",278.09327,"*****"
"2234","potere","dipingere",9562180,4438,994,1501.6,"rep",278.15913,"*****"
"2235","dovere","conquistare",9554798,12712,3423,4297.7,"rep",279.58156,"*****"
"2236","volere","obbedire",9144549,3584,711,1159.7,"rep",280.04473,"*****"
"2237","volere","accompagnare",9144549,18359,4897,5940.4,"rep",280.53738,"*****"
"2238","volere","sparire",9144549,5261,1152,1702.3,"rep",281.9972,"*****"
"2239","dovere","destinare",9554798,4789,1085,1619.1,"rep",284.92781,"*****"
"2240","volere","caricare",9144549,11325,2842,3664.4,"rep",285.58296,"*****"
"2241","dovere","illuminare",9554798,4402,976,1488.3,"rep",286.20371,"*****"
"2242","potere","cominciare",9562180,37924,11278,12831.4,"rep",290.7805,"*****"
"2243","potere","incentivare",9562180,4007,862,1355.8,"rep",293.5433,"*****"
"2244","dovere","riprovare",9554798,3623,756,1224.9,"rep",294.39509,"*****"
"2245","dovere","allargare",9554798,7409,1824,2504.9,"rep",295.08617,"*****"
"2246","potere","vincere",9562180,45075,13537,15251,"rep",297.40052,"*****"
"2247","potere","indossare",9562180,14598,3968,4939.2,"rep",299.55573,"*****"
"2248","dovere","tollerare",9554798,4336,946,1465.9,"rep",300.17481,"*****"
"2249","dovere","preservare",9554798,5621,1305,1900.4,"rep",300.40443,"*****"
"2250","dovere","proseguire",9554798,26827,7744,9069.8,"rep",300.89557,"*****"
"2251","potere","fondare",9562180,8151,2035,2757.9,"rep",301.51575,"*****"
"2252","potere","bere",9562180,14739,4001,4986.9,"rep",305.81482,"*****"
"2253","dovere","accogliere",9554798,19235,5370,6503.1,"rep",308.17726,"*****"
"2254","potere","attestare",9562180,4635,1022,1568.2,"rep",309.27901,"*****"
"2255","dovere","allungare",9554798,4778,1060,1615.4,"rep",309.91361,"*****"
"2256","potere","tirare",9562180,21674,6125,7333.3,"rep",310.32725,"*****"
"2257","volere","aumentare",9144549,40174,11364,12999.1,"rep",311.76554,"*****"
"2258","potere","sollecitare",9562180,3552,723,1201.8,"rep",314.35687,"*****"
"2259","potere","rendere",9562180,105453,32974,35679.6,"rep",315.30949,"*****"
"2260","volere","guardare",9144549,50125,14376,16218.9,"rep",316.76365,"*****"
"2261","dovere","potenziare",9554798,4018,845,1358.4,"rep",317.8638,"*****"
"2262","dovere","configurare",9554798,8955,2249,3027.6,"rep",318.14045,"*****"
"2263","dovere","desumere",9554798,3864,799,1306.4,"rep",323.70289,"*****"
"2264","dovere","connettere",9554798,4778,1048,1615.4,"rep",324.08465,"*****"
"2265","volere","prelevare",9144549,3735,716,1208.5,"rep",325.7989,"*****"
"2266","potere","esaminare",9562180,9548,2410,3230.5,"rep",331.049,"*****"
"2267","dovere","privare",9554798,4761,1037,1609.6,"rep",331.68948,"*****"
"2268","dovere","combinare",9554798,4312,914,1457.8,"rep",331.85586,"*****"
"2269","dovere","coltivare",9554798,8274,2034,2797.3,"rep",332.19358,"*****"
"2270","volere","ignorare",9144549,11079,2709,3584.8,"rep",332.61076,"*****"
"2271","dovere","respirare",9554798,4889,1070,1652.9,"rep",334.42688,"*****"
"2272","potere","ricercare",9562180,6764,1597,2288.6,"rep",335.7673,"*****"
"2273","potere","ampliare",9562180,8670,2146,2933.5,"rep",336.90196,"*****"
"2274","potere","spostare",9562180,26501,7557,8966.5,"rep",344.88924,"*****"
"2275","potere","dimenticare",9562180,36511,10691,12353.4,"rep",346.76006,"*****"
"2276","potere","illudere",9562180,4433,934,1499.9,"rep",349.777,"*****"
"2277","volere","favorire",9144549,22699,6045,7344.7,"rep",352.2073,"*****"
"2278","dovere","menzionare",9554798,4198,867,1419.3,"rep",353.12131,"*****"
"2279","potere","installare",9562180,22447,6283,7594.9,"rep",353.77929,"*****"
"2280","dovere","divenire",9554798,13538,3562,4577,"rep",354.876,"*****"
"2281","dovere","chiarire",9554798,20171,5572,6819.5,"rep",356.89809,"*****"
"2282","volere","formulare",9144549,5296,1094,1713.6,"rep",358.87672,"*****"
"2283","volere","modificare",9144549,35456,9825,11472.5,"rep",359.89039,"*****"
"2284","volere","tacere",9144549,4905,989,1587.1,"rep",362.5953,"*****"
"2285","volere","opporre",9144549,9723,2289,3146.1,"rep",365.39839,"*****"
"2286","dovere","urlare",9554798,3745,737,1266.1,"rep",366.34409,"*****"
"2287","volere","alterare",9144549,5064,1026,1638.6,"rep",368.06867,"*****"
"2288","dovere","investire",9554798,31043,8917,10495.2,"rep",368.80701,"*****"
"2289","dovere","cantare",9554798,8752,2131,2958.9,"rep",370.07628,"*****"
"2290","potere","accettare",9562180,46807,13858,15837,"rep",382.75116,"*****"
"2291","dovere","elencare",9554798,4091,817,1383.1,"rep",382.91508,"*****"
"2292","volere","cominciare",9144549,37924,10513,12271,"rep",383.15491,"*****"
"2293","dovere","ricondurre",9554798,4915,1038,1661.7,"rep",383.18331,"*****"
"2294","potere","sfidare",9562180,7025,1625,2376.9,"rep",383.48845,"*****"
"2295","volere","confermare",9144549,20549,5360,6649,"rep",384.09238,"*****"
"2296","dovere","collaborare",9554798,15260,4022,5159.2,"rep",395.09567,"*****"
"2297","potere","rafforzare",9562180,8242,1959,2788.6,"rep",396.13563,"*****"
"2298","potere","inventare",9562180,10396,2581,3517.4,"rep",397.15846,"*****"
"2299","potere","illustrare",9562180,6646,1504,2248.6,"rep",399.09258,"*****"
"2300","dovere","opporre",9554798,9723,2379,3287.2,"rep",400.52949,"*****"
"2301","dovere","rilanciare",9554798,6661,1505,2252,"rep",400.92852,"*****"
"2302","dovere","prolungare",9554798,4249,846,1436.5,"rep",401.37421,"*****"
"2303","dovere","discutere",9554798,26761,7508,9047.5,"rep",408.68005,"*****"
"2304","dovere","toccare",9554798,21424,5868,7243.1,"rep",408.90309,"*****"
"2305","volere","ripartire",9144549,15150,3763,4902.1,"rep",410.32751,"*****"
"2306","dovere","tracciare",9554798,5230,1102,1768.2,"rep",411.01522,"*****"
"2307","volere","ispirare",9144549,9075,2061,2936.4,"rep",411.04621,"*****"
"2308","dovere","stampare",9554798,9286,2240,3139.5,"rep",412.3449,"*****"
"2309","dovere","assomigliare",9554798,4335,860,1465.6,"rep",414.01148,"*****"
"2310","dovere","viaggiare",9554798,16148,4250,5459.4,"rep",422.41402,"*****"
"2311","volere","innescare",9144549,4103,741,1327.6,"rep",425.13203,"*****"
"2312","dovere","apportare",9554798,10068,2452,3403.8,"rep",425.21455,"*****"
"2313","potere","percorrere",9562180,19827,5360,6708.4,"rep",425.62818,"*****"
"2314","dovere","dominare",9554798,4722,954,1596.4,"rep",426.4055,"*****"
"2315","volere","scendere",9144549,27746,7395,8977.7,"rep",427.32482,"*****"
"2316","dovere","instaurare",9554798,4820,978,1629.6,"rep",429.38213,"*****"
"2317","potere","cancellare",9562180,20817,5653,7043.4,"rep",430.6941,"*****"
"2318","dovere","penetrare",9554798,3953,747,1336.4,"rep",433.69408,"*****"
"2319","dovere","identificare",9554798,12063,3023,4078.3,"rep",434.14017,"*****"
"2320","volere","segnare",9144549,8081,1762,2614.8,"rep",441.24468,"*****"
"2321","dovere","imitare",9554798,6150,1327,2079.2,"rep",443.8455,"*****"
"2322","potere","ricreare",9562180,5317,1100,1799,"rep",446.34093,"*****"
"2323","dovere","reperire",9554798,4693,931,1586.6,"rep",448.239,"*****"
"2324","dovere","peggiorare",9554798,3983,745,1346.6,"rep",449.1225,"*****"
"2325","potere","cacciare",9562180,5404,1120,1828.4,"rep",450.9555,"*****"
"2326","potere","esaltare",9562180,3993,747,1351,"rep",451.45235,"*****"
"2327","volere","ricoprire",9144549,5760,1139,1863.8,"rep",454.9678,"*****"
"2328","potere","pronunciare",9562180,8145,1873,2755.8,"rep",456.4767,"*****"
"2329","potere","scrivere",9562180,81214,24627,27478.4,"rep",456.68897,"*****"
"2330","dovere","apprendere",9554798,10359,2501,3502.2,"rep",457.95449,"*****"
"2331","dovere","riscattare",9554798,4779,946,1615.7,"rep",459.44678,"*****"
"2332","potere","abbracciare",9562180,7781,1764,2632.7,"rep",463.75639,"*****"
"2333","volere","impostare",9144549,11831,2763,3828.1,"rep",464.51029,"*****"
"2334","volere","giudicare",9144549,14126,3400,4570.7,"rep",467.49749,"*****"
"2335","potere","premere",9562180,4281,810,1448.5,"rep",469.57764,"*****"
"2336","potere","adottare",9562180,27971,7772,9463.9,"rep",472.90545,"*****"
"2337","dovere","spezzare",9554798,5265,1065,1780,"rep",473.63034,"*****"
"2338","volere","scattare",9144549,6944,1430,2246.9,"rep",475.98343,"*****"
"2339","dovere","interagire",9554798,9161,2135,3097.2,"rep",481.15833,"*****"
"2340","potere","abbattere",9562180,7864,1770,2660.8,"rep",483.08808,"*****"
"2341","potere","rileggere",9562180,4028,736,1362.9,"rep",483.94074,"*****"
"2342","potere","battere",9562180,11031,2669,3732.3,"rep",484.72076,"*****"
"2343","dovere","costringere",9554798,6607,1416,2233.7,"rep",488.80717,"*****"
"2344","potere","pulire",9562180,6305,1334,2133.3,"rep",490.28254,"*****"
"2345","volere","curare",9144549,15819,3848,5118.5,"rep",490.76811,"*****"
"2346","potere","ragionare",9562180,8902,2052,3012,"rep",493.63277,"*****"
"2347","volere","lavare",9144549,7670,1605,2481.8,"rep",495.05617,"*****"
"2348","dovere","onorare",9554798,6193,1298,2093.8,"rep",495.72738,"*****"
"2349","dovere","competere",9554798,9797,2300,3312.2,"rep",497.30236,"*****"
"2350","dovere","esaltare",9554798,3993,715,1350,"rep",502.78066,"*****"
"2351","dovere","conservare",9554798,20115,5327,6800.6,"rep",502.97173,"*****"
"2352","dovere","sfidare",9554798,7025,1519,2375,"rep",503.05827,"*****"
"2353","volere","allegare",9144549,6303,1239,2039.5,"rep",507.7023,"*****"
"2354","potere","menzionare",9562180,4198,763,1420.4,"rep",511.11748,"*****"
"2355","dovere","distinguere",9554798,17760,4610,6004.4,"rep",511.80038,"*****"
"2356","volere","trascurare",9144549,5168,947,1672.2,"rep",514.56822,"*****"
"2357","dovere","bloccare",9554798,10655,2526,3602.3,"rep",516.12637,"*****"
"2358","volere","adempiere",9144549,4380,751,1417.2,"rep",518.38102,"*****"
"2359","dovere","disporre",9554798,29586,8179,10002.6,"rep",520.03209,"*****"
"2360","dovere","liberare",9554798,23272,6254,7867.9,"rep",520.23559,"*****"
"2361","dovere","accostare",9554798,4006,708,1354.4,"rep",520.44138,"*****"
"2362","potere","redigere",9562180,4224,763,1429.2,"rep",522.20085,"*****"
"2363","dovere","gridare",9554798,5229,1019,1767.8,"rep",526.41942,"*****"
"2364","potere","privare",9562180,4761,896,1610.9,"rep",529.83156,"*****"
"2365","dovere","strappare",9554798,4247,760,1435.8,"rep",535.58838,"*****"
"2366","volere","nutrire",9144549,5601,1041,1812.3,"rep",535.74852,"*****"
"2367","dovere","semplificare",9554798,4263,762,1441.3,"rep",539.07805,"*****"
"2368","dovere","stimolare",9554798,8708,1953,2944,"rep",540.54678,"*****"
"2369","potere","cessare",9562180,4330,779,1465,"rep",540.61936,"*****"
"2370","volere","accertare",9144549,9997,2182,3234.7,"rep",543.49216,"*****"
"2371","potere","insegnare",9562180,23647,6336,8000.9,"rep",544.95494,"*****"
"2372","potere","finire",9562180,33390,9291,11297.4,"rep",557.09208,"*****"
"2373","potere","firmare",9562180,10329,2391,3494.8,"rep",562.07964,"*****"
"2374","volere","misurare",9144549,16353,3910,5291.3,"rep",562.89067,"*****"
"2375","potere","prevalere",9562180,6477,1324,2191.5,"rep",565.50457,"*****"
"2376","dovere","circolare",9554798,5386,1033,1820.9,"rep",567.34596,"*****"
"2377","potere","staccare",9562180,9449,2138,3197,"rep",567.82672,"*****"
"2378","dovere","dipingere",9554798,4438,789,1500.4,"rep",568.54311,"*****"
"2379","volere","scomparire",9144549,4387,722,1419.5,"rep",571.30437,"*****"
"2380","volere","saltare",9144549,10058,2172,3254.5,"rep",572.23916,"*****"
"2381","dovere","pretendere",9554798,14172,3480,4791.3,"rep",572.62263,"*****"
"2382","potere","ispirare",9562180,9075,2027,3070.5,"rep",575.27245,"*****"
"2383","potere","separare",9562180,8938,1986,3024.1,"rep",578.62876,"*****"
"2384","dovere","guadagnare",9554798,16114,4031,5447.9,"rep",586.11903,"*****"
"2385","volere","dimettere",9144549,6948,1345,2248.2,"rep",587.94581,"*****"
"2386","volere","rispondere",9144549,90871,26023,29403,"rep",588.75711,"*****"
"2387","dovere","annoverare",9554798,4114,692,1390.9,"rep",597.39161,"*****"
"2388","volere","depositare",9144549,4536,740,1467.7,"rep",602.35265,"*****"
"2389","volere","caratterizzare",9144549,6288,1167,2034.6,"rep",603.9721,"*****"
"2390","volere","identificare",9144549,12063,2682,3903.2,"rep",604.1706,"*****"
"2391","potere","rilanciare",9562180,6661,1344,2253.7,"rep",606.10884,"*****"
"2392","volere","diminuire",9144549,7691,1520,2488.6,"rep",608.64782,"*****"
"2393","volere","orientare",9144549,8388,1697,2714.1,"rep",612.85787,"*****"
"2394","potere","sparire",9562180,5261,970,1780,"rep",617.7931,"*****"
"2395","volere","competere",9144549,9797,2062,3170,"rep",618.36736,"*****"
"2396","dovere","illudere",9554798,4433,759,1498.7,"rep",619.27775,"*****"
"2397","volere","coprire",9144549,14266,3263,4616,"rep",623.9841,"*****"
"2398","volere","votare",9144549,19730,4776,6384,"rep",630.91594,"*****"
"2399","potere","riprendere",9562180,30658,8314,10373,"rep",641.74262,"*****"
"2400","volere","facilitare",9144549,5837,1023,1888.7,"rep",654.26459,"*****"
"2401","potere","ricorrere",9562180,36681,10119,12410.9,"rep",662.74551,"*****"
"2402","dovere","desiderare",9554798,6318,1213,2136,"rep",663.62738,"*****"
"2403","potere","incoraggiare",9562180,5287,946,1788.8,"rep",668.91422,"*****"
"2404","dovere","aprire",9554798,69379,20274,23456,"rep",669.78838,"*****"
"2405","volere","finire",9144549,33390,8628,10804,"rep",675.02216,"*****"
"2406","volere","visualizzare",9144549,13942,3121,4511.2,"rep",676.63886,"*****"
"2407","potere","festeggiare",9562180,12297,2835,4160.6,"rep",681.52099,"*****"
"2408","dovere","contestare",9554798,4983,861,1684.7,"rep",682.03012,"*****"
"2409","volere","visionare",9144549,6434,1149,2081.8,"rep",687.0012,"*****"
"2410","dovere","avviare",9554798,18990,4751,6420.2,"rep",690.32344,"*****"
"2411","volere","dimenticare",9144549,36511,9500,11813.8,"rep",697.22775,"*****"
"2412","potere","attraversare",9562180,12907,2991,4367,"rep",699.00836,"*****"
"2413","potere","commentare",9562180,9791,2119,3312.7,"rep",701.62208,"*****"
"2414","potere","abilitare",9562180,5199,905,1759.1,"rep",701.70716,"*****"
"2415","potere","piangere",9562180,5053,868,1709.7,"rep",702.7249,"*****"
"2416","volere","riflettere",9144549,16949,3915,5484.2,"rep",705.22277,"*****"
"2417","volere","rallentare",9144549,4669,715,1510.7,"rep",707.34221,"*****"
"2418","potere","iniziare",9562180,81043,23861,27420.6,"rep",716.73138,"*****"
"2419","dovere","spendere",9554798,43593,12127,14738.1,"rep",723.19067,"*****"
"2420","dovere","sviluppare",9554798,34513,9343,11668.3,"rep",727.58017,"*****"
"2421","volere","stipulare",9144549,4850,746,1569.3,"rep",728.39815,"*****"
"2422","potere","vestire",9562180,6744,1282,2281.8,"rep",730.44903,"*****"
"2423","dovere","criticare",9554798,4779,783,1615.7,"rep",733.2814,"*****"
"2424","dovere","incrementare",9554798,6386,1185,2159,"rep",735.33803,"*****"
"2425","potere","forzare",9562180,4720,765,1597,"rep",742.24574,"*****"
"2426","potere","piegare",9562180,6370,1177,2155.3,"rep",743.92767,"*****"
"2427","dovere","catturare",9554798,5929,1062,2004.5,"rep",746.03179,"*****"
"2428","dovere","dormire",9554798,14856,3494,5022.6,"rep",747.7961,"*****"
"2429","volere","concretizzare",9144549,5248,827,1698.1,"rep",750.46429,"*****"
"2430","volere","confessare",9144549,8909,1726,2882.7,"rep",752.02209,"*****"
"2431","dovere","estendere",9554798,14647,3430,4951.9,"rep",752.4259,"*****"
"2432","potere","riconoscere",9562180,45308,12604,15329.8,"rep",758.09499,"*****"
"2433","dovere","abolire",9554798,5258,886,1777.7,"rep",760.62813,"*****"
"2434","volere","inoltrare",9144549,5772,944,1867.6,"rep",762.28537,"*****"
"2435","potere","stringere",9562180,7320,1410,2476.7,"rep",764.32635,"*****"
"2436","dovere","disturbare",9554798,5084,841,1718.8,"rep",764.79422,"*****"
"2437","potere","rubare",9562180,7426,1434,2512.6,"rep",769.94533,"*****"
"2438","dovere","osare",9554798,5559,951,1879.4,"rep",778.03395,"*****"
"2439","potere","dichiarare",9562180,16155,3837,5466,"rep",779.4397,"*****"
"2440","dovere","attribuire",9554798,13751,3146,4649,"rep",784.76428,"*****"
"2441","volere","consumare",9144549,10703,2163,3463.2,"rep",785.05073,"*****"
"2442","potere","aggiungere",9562180,103221,30700,34924.4,"rep",791.83424,"*****"
"2443","volere","percorrere",9144549,19827,4615,6415.4,"rep",792.60522,"*****"
"2444","volere","limitare",9144549,30332,7567,9814.5,"rep",797.66419,"*****"
"2445","potere","approvare",9562180,8681,1742,2937.2,"rep",803.53477,"*****"
"2446","dovere","illustrare",9554798,6646,1207,2246.9,"rep",808.35655,"*****"
"2447","volere","giustificare",9144549,14463,3135,4679.8,"rep",810.05288,"*****"
"2448","volere","sfuggire",9144549,10528,2094,3406.5,"rep",815.66518,"*****"
"2449","dovere","interferire",9554798,6309,1114,2133,"rep",821.46706,"*****"
"2450","potere","coinvolgere",9562180,19002,4612,6429.3,"rep",821.69771,"*****"
"2451","volere","calcolare",9144549,11229,2270,3633.4,"rep",822.75709,"*****"
"2452","potere","aggiornare",9562180,12419,2743,4201.9,"rep",823.38591,"*****"
"2453","dovere","mangiare",9554798,46112,12724,15589.8,"rep",824.74342,"*****"
"2454","potere","tagliare",9562180,16191,3800,5478.2,"rep",827.06944,"*****"
"2455","dovere","fotografare",9554798,4770,732,1612.7,"rep",830.6313,"*****"
"2456","volere","impiegare",9144549,9133,1726,2955.2,"rep",832.0382,"*****"
"2457","potere","recare",9562180,31488,8274,10653.8,"rep",839.25324,"*****"
"2458","dovere","interessare",9554798,29671,7722,10031.3,"rep",840.21603,"*****"
"2459","dovere","eliminare",9554798,28784,7448,9731.4,"rep",847.61785,"*****"
"2460","volere","collegare",9144549,19118,4353,6186,"rep",855.3804,"*****"
"2461","potere","terminare",9562180,9070,1804,3068.8,"rep",862.58787,"*****"
"2462","volere","ritirare",9144549,15761,3431,5099.8,"rep",866.83308,"*****"
"2463","dovere","espandere",9554798,5292,837,1789.1,"rep",870.85659,"*****"
"2464","volere","esibire",9144549,7048,1184,2280.5,"rep",875.81021,"*****"
"2465","potere","regalare",9562180,27017,6887,9141.1,"rep",881.95091,"*****"
"2466","dovere","conferire",9554798,7309,1331,2471.1,"rep",883.04058,"*****"
"2467","volere","intendere",9144549,33927,8471,10977.7,"rep",887.11276,"*****"
"2468","potere","allegare",9562180,6303,1075,2132.6,"rep",890.60733,"*****"
"2469","potere","fermare",9562180,47023,12901,15910.1,"rep",892.30861,"*****"
"2470","potere","liberare",9562180,23272,5773,7874,"rep",893.56825,"*****"
"2471","volere","sospendere",9144549,6828,1107,2209.3,"rep",919.2499,"*****"
"2472","dovere","ordinare",9554798,11738,2475,3968.4,"rep",920.43609,"*****"
"2473","potere","mandare",9562180,30991,8014,10485.7,"rep",922.31133,"*****"
"2474","potere","gridare",9562180,5229,795,1769.2,"rep",928.33868,"*****"
"2475","volere","reagire",9144549,8676,1548,2807.3,"rep",928.64236,"*****"
"2476","potere","collaborare",9562180,15260,3440,5163.2,"rep",931.62728,"*****"
"2477","dovere","esporre",9554798,14068,3087,4756.2,"rep",952.89649,"*****"
"2478","volere","attivare",9144549,21223,4826,6867.1,"rep",955.7322,"*****"
"2479","potere","analizzare",9562180,13291,2873,4497,"rep",956.83703,"*****"
"2480","volere","manifestare",9144549,21703,4956,7022.4,"rep",957.2109,"*****"
"2481","potere","basare",9562180,11489,2380,3887.3,"rep",960.46011,"*****"
"2482","potere","caratterizzare",9562180,6288,1031,2127.5,"rep",965.96207,"*****"
"2483","dovere","augurare",9554798,6000,959,2028.5,"rep",967.46623,"*****"
"2484","dovere","postare",9554798,8006,1455,2706.7,"rep",972.13893,"*****"
"2485","dovere","anticipare",9554798,11481,2364,3881.6,"rep",975.62248,"*****"
"2486","potere","aprire",9562180,69379,19629,23474.1,"rep",983.14433,"*****"
"2487","volere","sostenere",9144549,58401,15411,18896.7,"rep",987.50527,"*****"
"2488","dovere","ricreare",9554798,5317,786,1797.6,"rep",989.2535,"*****"
"2489","volere","sviluppare",9144549,34513,8492,11167.3,"rep",995.945,"*****"
"2490","potere","pregare",9562180,7700,1352,2605.3,"rep",1018.82062,"*****"
"2491","volere","elaborare",9144549,6224,912,2013.9,"rep",1025.12115,"*****"
"2492","dovere","associare",9554798,8586,1569,2902.8,"rep",1028.32992,"*****"
"2493","dovere","scommettere",9554798,5870,896,1984.6,"rep",1032.2032,"*****"
"2494","dovere","esagerare",9554798,5657,844,1912.5,"rep",1035.89056,"*****"
"2495","potere","riproporre",9562180,6803,1120,2301.8,"rep",1036.37542,"*****"
"2496","potere","trasferire",9562180,19168,4440,6485.4,"rep",1040.30183,"*****"
"2497","volere","trasportare",9144549,6806,1032,2202.2,"rep",1051.23654,"*****"
"2498","volere","accettare",9144549,46807,11890,15145.3,"rep",1081.50323,"*****"
"2499","volere","usare",9144549,151326,43062,48964.4,"rep",1081.59054,"*****"
"2500","potere","rischiare",9562180,16043,3516,5428.1,"rep",1096.44745,"*****"
"2501","potere","ripetere",9562180,26761,6560,9054.5,"rep",1097.76659,"*****"
"2502","volere","interferire",9144549,6309,895,2041.4,"rep",1100.60702,"*****"
"2503","potere","trascorrere",9562180,27107,6657,9171.6,"rep",1100.92789,"*****"
"2504","potere","scendere",9562180,27746,6840,9387.8,"rep",1103.46432,"*****"
"2505","potere","rimettere",9562180,12435,2529,4207.3,"rep",1103.76316,"*****"
"2506","potere","compilare",9562180,13817,2892,4674.9,"rep",1115.59085,"*****"
"2507","dovere","dimagrire",9554798,6617,1030,2237.1,"rep",1122.40045,"*****"
"2508","dovere","attirare",9554798,7143,1156,2414.9,"rep",1123.74971,"*****"
"2509","dovere","optare",9554798,15170,3241,5128.7,"rep",1135.49109,"*****"
"2510","dovere","unire",9554798,26101,6318,8824.4,"rep",1139.04864,"*****"
"2511","dovere","volare",9554798,9427,1716,3187.1,"rep",1140.16251,"*****"
"2512","dovere","prevenire",9554798,7595,1256,2567.8,"rep",1143.32235,"*****"
"2513","dovere","aumentare",9554798,40174,10447,13582.2,"rep",1144.35983,"*****"
"2514","dovere","valorizzare",9554798,11825,2332,3997.9,"rep",1149.87411,"*****"
"2515","dovere","abbinare",9554798,6600,1012,2231.4,"rep",1151.08738,"*****"
"2516","dovere","descrivere",9554798,13892,2882,4696.7,"rep",1151.55099,"*****"
"2517","potere","avvicinare",9562180,24945,5976,8440,"rep",1153.5974,"*****"
"2518","potere","riuscire",9562180,39304,10174,13298.4,"rep",1162.13839,"*****"
"2519","volere","gustare",9144549,20430,4408,6610.5,"rep",1166.95076,"*****"
"2520","dovere","sopravvivere",9554798,12245,2430,4139.9,"rep",1168.63017,"*****"
"2521","dovere","ritrovare",9554798,24746,5891,8366.3,"rep",1175.09627,"*****"
"2522","dovere","favorire",9554798,22699,5301,7674.2,"rep",1181.41696,"*****"
"2523","dovere","navigare",9554798,5596,763,1891.9,"rep",1185.93348,"*****"
"2524","potere","concludere",9562180,34582,8745,11700.7,"rep",1186.61981,"*****"
"2525","dovere","impedire",9554798,24111,5679,8151.6,"rep",1205.61355,"*****"
"2526","potere","sostenere",9562180,58401,15836,19759.8,"rep",1224.57874,"*****"
"2527","potere","offendere",9562180,7406,1168,2505.8,"rep",1228.6674,"*****"
"2528","potere","accertare",9562180,9997,1802,3382.4,"rep",1242.53794,"*****"
"2529","dovere","promuovere",9554798,21594,4928,7300.6,"rep",1246.14942,"*****"
"2530","volere","appartenere",9144549,8203,1250,2654.2,"rep",1254.9502,"*****"
"2531","potere","interrompere",9562180,12880,2539,4357.9,"rep",1258.29592,"*****"
"2532","volere","partire",9144549,63429,16425,20523.6,"rep",1261.54698,"*****"
"2533","dovere","mandare",9554798,30991,7596,10477.6,"rep",1265.55356,"*****"
"2534","dovere","replicare",9554798,6116,846,2067.7,"rep",1267.9405,"*****"
"2535","dovere","osservare",9554798,37638,9534,12724.8,"rep",1270.79051,"*****"
"2536","dovere","riservare",9554798,8372,1373,2830.4,"rep",1282.20801,"*****"
"2537","volere","pronunciare",9144549,8145,1222,2635.5,"rep",1283.93776,"*****"
"2538","dovere","apparire",9554798,36412,9149,12310.4,"rep",1291.15199,"*****"
"2539","potere","interrogare",9562180,6308,879,2134.3,"rep",1295.82262,"*****"
"2540","potere","preservare",9562180,5621,723,1901.8,"rep",1298.82637,"*****"
"2541","dovere","riprodurre",9554798,7847,1236,2653,"rep",1301.65527,"*****"
"2542","potere","scappare",9562180,11211,2076,3793.2,"rep",1302.15077,"*****"
"2543","volere","seguire",9144549,94772,25519,30665.3,"rep",1323.26452,"*****"
"2544","potere","ricominciare",9562180,11497,2136,3890,"rep",1323.9877,"*****"
"2545","dovere","modificare",9554798,35456,8814,11987.1,"rep",1338.29052,"*****"
"2546","dovere","assistere",9554798,25261,5861,8540.4,"rep",1354.8201,"*****"
"2547","volere","rappresentare",9144549,72934,19025,23599.2,"rep",1365.13821,"*****"
"2548","dovere","rappresentare",9554798,72934,20025,24657.9,"rep",1365.18475,"*****"
"2549","volere","confrontare",9144549,33318,7715,10780.7,"rep",1369.45467,"*****"
"2550","volere","fruire",9144549,6624,844,2143.3,"rep",1370.63593,"*****"
"2551","dovere","colpire",9554798,18468,3948,6243.8,"rep",1379.47239,"*****"
"2552","potere","svegliare",9562180,6929,982,2344.4,"rep",1385.86363,"*****"
"2553","dovere","sfuggire",9554798,10528,1843,3559.4,"rep",1398.87023,"*****"
"2554","volere","lamentare",9144549,6303,764,2039.5,"rep",1399.22087,"*****"
"2555","potere","allontanare",9562180,13241,2536,4480,"rep",1405.08959,"*****"
"2556","dovere","premiare",9554798,6662,910,2252.3,"rep",1408.011,"*****"
"2557","potere","introdurre",9562180,18252,3866,6175.5,"rep",1414.33491,"*****"
"2558","dovere","iscrivere",9554798,28907,6839,9773,"rep",1415.10232,"*****"
"2559","volere","tradurre",9144549,13945,2536,4512.2,"rep",1418.32029,"*****"
"2560","potere","ritornare",9562180,21458,4741,7260.2,"rep",1421.27646,"*****"
"2561","dovere","praticare",9554798,12944,2443,4376.2,"rep",1425.29719,"*****"
"2562","dovere","abbracciare",9554798,7781,1157,2630.6,"rep",1433.26161,"*****"
"2563","volere","controllare",9144549,38328,9018,12401.7,"rep",1446.38838,"*****"
"2564","dovere","immergere",9554798,6670,891,2255,"rep",1457.32535,"*****"
"2565","volere","attingere",9144549,6576,792,2127.8,"rep",1472.538,"*****"
"2566","volere","stabilire",9144549,22229,4619,7192.6,"rep",1474.32231,"*****"
"2567","dovere","ridurre",9554798,39656,9878,13407.1,"rep",1479.75738,"*****"
"2568","potere","seguire",9562180,94772,26559,32065.7,"rep",1479.85012,"*****"
"2569","volere","concorrere",9144549,8425,1183,2726.1,"rep",1495.8674,"*****"
"2570","volere","risalire",9144549,8791,1263,2844.5,"rep",1500.14596,"*****"
"2571","potere","augurare",9562180,6000,719,2030.1,"rep",1521.73954,"*****"
"2572","volere","cadere",9144549,13238,2293,4283.4,"rep",1528.57808,"*****"
"2573","potere","credere",9562180,53974,14045,18261.9,"rep",1540.98712,"*****"
"2574","volere","divenire",9144549,13538,2358,4380.5,"rep",1541.78754,"*****"
"2575","dovere","comprare",9554798,57635,15120,19485.5,"rep",1545.11113,"*****"
"2576","dovere","esercitare",9554798,27697,6364,9363.9,"rep",1551.75306,"*****"
"2577","potere","smontare",9562180,6016,708,2035.5,"rep",1560.25593,"*****"
"2578","potere","denunciare",9562180,8884,1357,3005.9,"rep",1564.22694,"*****"
"2579","dovere","organizzare",9554798,37490,9140,12674.8,"rep",1576.01542,"*****"
"2580","dovere","precisare",9554798,18725,3864,6330.6,"rep",1580.17024,"*****"
"2581","volere","indicare",9144549,49685,12033,16076.5,"rep",1585.66904,"*****"
"2582","dovere","trarre",9554798,25496,5716,8619.8,"rep",1585.99,"*****"
"2583","dovere","diffondere",9554798,9318,1446,3150.3,"rep",1589.74771,"*****"
"2584","potere","ripartire",9562180,15150,2908,5125.9,"rep",1597.96519,"*****"
"2585","potere","imitare",9562180,6150,722,2080.8,"rep",1599.77808,"*****"
"2586","volere","formare",9144549,17987,3417,5820,"rep",1613.72732,"*****"
"2587","dovere","continuare",9554798,134075,38465,45328.7,"rep",1621.3044,"*****"
"2588","volere","assicurare",9144549,39958,9272,12929.2,"rep",1624.77953,"*****"
"2589","volere","risolvere",9144549,45987,10936,14880,"rep",1634.99565,"*****"
"2590","potere","rivedere",9562180,19898,4139,6732.4,"rep",1641.08851,"*****"
"2591","potere","valorizzare",9562180,11825,2032,4000.9,"rep",1643.57938,"*****"
"2592","potere","distruggere",9562180,17812,3578,6026.6,"rep",1643.94847,"*****"
"2593","dovere","rassicurare",9554798,6551,789,2214.8,"rep",1647.69164,"*****"
"2594","volere","apparire",9144549,36412,8263,11781.8,"rep",1657.04375,"*****"
"2595","volere","condurre",9144549,24024,4934,7773.4,"rep",1664.05741,"*****"
"2596","potere","conquistare",9562180,12712,2234,4301.1,"rep",1678.79543,"*****"
"2597","potere","confrontare",9562180,33318,7841,11273,"rep",1681.17078,"*****"
"2598","potere","rassicurare",9562180,6551,776,2216.5,"rep",1685.53027,"*****"
"2599","dovere","mettere",9554798,255548,76657,86396.9,"rep",1707.29666,"*****"
"2600","volere","emergere",9144549,9712,1371,3142.5,"rep",1708.82932,"*****"
"2601","volere","lottare",9144549,14720,2544,4762.9,"rep",1709.21818,"*****"
"2602","volere","interagire",9144549,9161,1247,2964.2,"rep",1712.56347,"*****"
"2603","volere","soffrire",9144549,10887,1629,3522.7,"rep",1725.07662,"*****"
"2604","dovere","prenotare",9554798,17450,3422,5899.6,"rep",1725.571,"*****"
"2605","dovere","introdurre",9554798,18252,3626,6170.7,"rep",1736.58403,"*****"
"2606","volere","guidare",9144549,18464,3449,5974.4,"rep",1741.37011,"*****"
"2607","dovere","salutare",9554798,11332,1854,3831.2,"rep",1744.21322,"*****"
"2608","dovere","rubare",9554798,7426,942,2510.6,"rep",1745.26846,"*****"
"2609","potere","correre",9562180,27122,6033,9176.6,"rep",1749.23846,"*****"
"2610","volere","ricavare",9144549,11004,1637,3560.6,"rep",1762.70737,"*****"
"2611","volere","escludere",9144549,21446,4186,6939.3,"rep",1768.42692,"*****"
"2612","dovere","riproporre",9554798,6803,797,2300,"rep",1770.64282,"*****"
"2613","volere","assistere",9144549,25261,5171,8173.7,"rep",1770.89274,"*****"
"2614","dovere","guarire",9554798,6872,809,2323.3,"rep",1778.06795,"*****"
"2615","dovere","richiamare",9554798,16529,3143,5588.2,"rep",1783.6834,"*****"
"2616","dovere","ignorare",9554798,11079,1771,3745.6,"rep",1786.30125,"*****"
"2617","potere","specificare",9562180,10690,1677,3616.9,"rep",1791.65382,"*****"
"2618","potere","cambiare",9562180,148044,42489,50090.1,"rep",1801.01114,"*****"
"2619","volere","abituare",9144549,6982,748,2259.2,"rep",1807.98257,"*****"
"2620","volere","predisporre",9144549,6924,726,2240.4,"rep",1837.01021,"*****"
"2621","volere","tendere",9144549,8107,965,2623.2,"rep",1844.10547,"*****"
"2622","dovere","testare",9554798,8361,1109,2826.7,"rep",1845.85286,"*****"
"2623","potere","guardare",9562180,50125,12520,16959.6,"rep",1851.93707,"*****"
"2624","potere","fuggire",9562180,10179,1514,3444,"rep",1878.69627,"*****"
"2625","dovere","nascondere",9554798,22916,4764,7747.6,"rep",1886.91337,"*****"
"2626","potere","dotare",9562180,9634,1383,3259.6,"rep",1887.42488,"*****"
"2627","dovere","tentare",9554798,20606,4142,6966.6,"rep",1891.47789,"*****"
"2628","dovere","ricevere",9554798,59929,15339,20261.1,"rep",1897.16494,"*****"
"2629","dovere","incidere",9554798,11507,1802,3890.3,"rep",1930.16634,"*****"
"2630","dovere","pubblicare",9554798,18053,3443,6103.4,"rep",1932.39511,"*****"
"2631","volere","compromettere",9144549,8854,1076,2864.9,"rep",1958.74691,"*****"
"2632","volere","regolare",9144549,9385,1184,3036.7,"rep",1970.23257,"*****"
"2633","volere","ipotizzare",9144549,7385,761,2389.6,"rep",1997.14056,"*****"
"2634","potere","restituire",9562180,19536,3791,6609.9,"rep",1998.33854,"*****"
"2635","dovere","ampliare",9554798,8670,1112,2931.2,"rep",2007.19021,"*****"
"2636","dovere","trasmettere",9554798,33381,7539,11285.6,"rep",2014.54771,"*****"
"2637","dovere","testimoniare",9554798,9435,1272,3189.8,"rep",2033.84766,"*****"
"2638","potere","tendere",9562180,8107,975,2743,"rep",2046.97224,"*****"
"2639","dovere","aggiungere",9554798,103221,28133,34897.5,"rep",2061.16277,"*****"
"2640","potere","unire",9562180,26101,5498,8831.2,"rep",2062.57886,"*****"
"2641","potere","rinnovare",9562180,12609,2003,4266.2,"rep",2063.30026,"*****"
"2642","potere","alzare",9562180,17041,3100,5765.8,"rep",2071.06062,"*****"
"2643","volere","riconoscere",9144549,45308,10262,14660.3,"rep",2081.88483,"*****"
"2644","volere","rifiutare",9144549,10036,1275,3247.3,"rep",2085.75326,"*****"
"2645","volere","inviare",9144549,47085,10741,15235.2,"rep",2089.15043,"*****"
"2646","dovere","sposare",9554798,22927,4616,7751.3,"rep",2094.13281,"*****"
"2647","dovere","svelare",9554798,7360,798,2488.3,"rep",2094.43385,"*****"
"2648","potere","temere",9562180,7860,903,2659.4,"rep",2098.38618,"*****"
"2649","volere","incidere",9144549,11507,1588,3723.3,"rep",2103.50154,"*****"
"2650","dovere","scambiare",9554798,7915,907,2675.9,"rep",2115.30727,"*****"
"2651","potere","trasmettere",9562180,33381,7456,11294.3,"rep",2117.76074,"*****"
"2652","dovere","rendere",9554798,105453,28701,35652.1,"rep",2131.05715,"*****"
"2653","dovere","evidenziare",9554798,17864,3246,6039.6,"rep",2170.80734,"*****"
"2654","dovere","ribadire",9554798,12043,1813,4071.6,"rep",2171.15159,"*****"
"2655","volere","inventare",9144549,10396,1314,3363.8,"rep",2176.66768,"*****"
"2656","volere","contattare",9144549,39565,8581,12802,"rep",2212.46128,"*****"
"2657","dovere","mostrare",9554798,41106,9497,13897.3,"rep",2248.41851,"*****"
"2658","volere","avvalere",9144549,18620,3165,6024.9,"rep",2251.28144,"*****"
"2659","potere","studiare",9562180,26700,5509,9033.8,"rep",2262.89975,"*****"
"2660","volere","configurare",9144549,8955,974,2897.6,"rep",2278.80477,"*****"
"2661","potere","eliminare",9562180,28784,6052,9739,"rep",2289.34708,"*****"
"2662","dovere","offendere",9554798,7406,740,2503.9,"rep",2294.02271,"*****"
"2663","potere","stupire",9562180,12964,1966,4386.3,"rep",2312.64211,"*****"
"2664","dovere","sottrarre",9554798,12629,1881,4269.7,"rep",2319.91096,"*****"
"2665","volere","includere",9144549,18337,3049,5933.3,"rep",2334.10067,"*****"
"2666","volere","dichiarare",9144549,16155,2530,5227.3,"rep",2340.68819,"*****"
"2667","dovere","scrivere",9554798,81214,21075,27457.2,"rep",2349.87625,"*****"
"2668","dovere","ricavare",9554798,11004,1481,3720.3,"rep",2378.19015,"*****"
"2669","dovere","ipotizzare",9554798,7385,703,2496.8,"rep",2395.93644,"*****"
"2670","potere","costruire",9562180,55248,13404,18693,"rep",2396.95122,"*****"
"2671","volere","procurare",9144549,9433,1024,3052.2,"rep",2405.91921,"*****"
"2672","potere","perseguire",9562180,10434,1340,3530.3,"rep",2416.45201,"*****"
"2673","potere","riflettere",9562180,16949,2879,5734.6,"rep",2417.09253,"*****"
"2674","dovere","cancellare",9554798,20817,3851,7037.9,"rep",2417.33639,"*****"
"2675","volere","convivere",9144549,8360,798,2705,"rep",2447.31482,"*****"
"2676","volere","attraversare",9144549,12907,1729,4176.3,"rep",2475.63642,"*****"
"2677","volere","optare",9144549,15170,2228,4908.5,"rep",2488.71876,"*****"
"2678","potere","comprare",9562180,57635,13992,19500.6,"rep",2492.3993,"*****"
"2679","potere","prestare",9562180,18918,3327,6400.8,"rep",2494.74376,"*****"
"2680","potere","celebrare",9562180,14020,2126,4743.6,"rep",2501.40419,"*****"
"2681","potere","cimentare",9562180,17636,3000,5967.1,"rep",2507.23813,"*****"
"2682","potere","evidenziare",9562180,17864,3049,6044.2,"rep",2521.02349,"*****"
"2683","dovere","ospitare",9554798,23904,4575,8081.6,"rep",2534.28275,"*****"
"2684","potere","promuovere",9562180,21594,3975,7306.2,"rep",2547.55983,"*****"
"2685","potere","invitare",9562180,14417,2187,4877.9,"rep",2570.58781,"*****"
"2686","potere","proporre",9562180,53866,12804,18225.4,"rep",2592.05757,"*****"
"2687","dovere","esplorare",9554798,10478,1276,3542.5,"rep",2598.92772,"*****"
"2688","potere","consegnare",9562180,16630,2694,5626.7,"rep",2618.71646,"*****"
"2689","dovere","concedere",9554798,22654,4160,7659,"rep",2681.13418,"*****"
"2690","potere","lanciare",9562180,21265,3803,7194.9,"rep",2695.1295,"*****"
"2691","dovere","manifestare",9554798,21703,3906,7337.5,"rep",2700.70991,"*****"
"2692","dovere","riassumere",9554798,9650,1060,3262.5,"rep",2707.12592,"*****"
"2693","volere","sottostare",9144549,9242,877,2990.4,"rep",2721.30907,"*****"
"2694","volere","affermare",9144549,37746,7666,12213.4,"rep",2723.16314,"*****"
"2695","dovere","aderire",9554798,18173,3011,6144,"rep",2725.82225,"*****"
"2696","dovere","celebrare",9554798,14020,2006,4740,"rep",2755.49743,"*****"
"2697","volere","registrare",9144549,23377,4015,7564.1,"rep",2757.06472,"*****"
"2698","dovere","mancare",9554798,45186,10179,15276.7,"rep",2757.43775,"*****"
"2699","potere","richiamare",9562180,16529,2583,5592.5,"rep",2791.04641,"*****"
"2700","volere","scaricare",9144549,36999,7398,11971.7,"rep",2818.08461,"*****"
"2701","volere","danneggiare",9144549,10094,1009,3266.1,"rep",2819.90324,"*****"
"2702","dovere","commentare",9554798,9791,1048,3310.2,"rep",2825.60007,"*****"
"2703","volere","comprendere",9144549,37877,7590,12255.8,"rep",2863.71233,"*****"
"2704","dovere","arricchire",9554798,8450,765,2856.8,"rep",2868.1704,"*****"
"2705","dovere","chiamare",9554798,60742,14478,20536,"rep",2870.34002,"*****"
"2706","potere","indagare",9562180,9261,925,3133.4,"rep",2874.98761,"*****"
"2707","volere","riuscire",9144549,39304,7920,12717.5,"rep",2915.0246,"*****"
"2708","dovere","costruire",9554798,55248,12860,18678.5,"rep",2922.5944,"*****"
"2709","dovere","uccidere",9554798,25482,4725,8615.1,"rep",2941.65519,"*****"
"2710","volere","giungere",9144549,15496,2082,5014,"rep",2958.5116,"*****"
"2711","dovere","credere",9554798,53974,12433,18247.8,"rep",2992.99343,"*****"
"2712","dovere","candidare",9554798,8971,822,3033,"rep",3013.02294,"*****"
"2713","volere","operare",9144549,32022,5985,10361.3,"rep",3016.34138,"*****"
"2714","potere","corrispondere",9562180,17142,2614,5799.9,"rep",3028.15115,"*****"
"2715","potere","concentrare",9562180,21179,3590,7165.8,"rep",3034.53445,"*****"
"2716","volere","intervenire",9144549,61239,13625,19815,"rep",3062.27664,"*****"
"2717","potere","uccidere",9562180,25482,4647,8621.7,"rep",3078.6918,"*****"
"2718","dovere","generare",9554798,17481,2662,5910.1,"rep",3088.20559,"*****"
"2719","dovere","significare",9554798,21142,3543,7147.8,"rep",3096.22288,"*****"
"2720","dovere","vendere",9554798,40641,8635,13740.1,"rep",3105.272,"*****"
"2721","volere","prestare",9144549,18918,2763,6121.3,"rep",3135.68179,"*****"
"2722","volere","muovere",9144549,31592,5777,10222.2,"rep",3166.45732,"*****"
"2723","dovere","sperare",9554798,20163,3264,6816.8,"rep",3171.64705,"*****"
"2724","potere","tornare",9562180,125032,33093,42304.1,"rep",3172.39371,"*****"
"2725","dovere","invitare",9554798,14417,1907,4874.2,"rep",3196.13755,"*****"
"2726","volere","rilevare",9144549,14867,1841,4810.5,"rep",3205.27621,"*****"
"2727","potere","fronteggiare",9562180,9135,792,3090.8,"rep",3222.30009,"*****"
"2728","volere","fidare",9144549,12428,1328,4021.3,"rep",3228.27177,"*****"
"2729","potere","convincere",9562180,17039,2483,5765.1,"rep",3257.02878,"*****"
"2730","dovere","influire",9554798,8896,734,3007.6,"rep",3260.24262,"*****"
"2731","dovere","lanciare",9554798,21265,3475,7189.4,"rep",3282.01729,"*****"
"2732","volere","trattare",9144549,39455,7655,12766.4,"rep",3318.43542,"*****"
"2733","dovere","usare",9554798,151326,40771,51161,"rep",3328.92417,"*****"
"2734","potere","chiarire",9562180,20171,3188,6824.8,"rep",3334.01148,"*****"
"2735","volere","applicare",9144549,37942,7248,12276.8,"rep",3349.19566,"*****"
"2736","potere","proteggere",9562180,21119,3376,7145.5,"rep",3414.77446,"*****"
"2737","volere","occupare",9144549,44901,8978,14528.6,"rep",3420.8515,"*****"
"2738","dovere","assaggiare",9554798,9099,723,3076.2,"rep",3432.20456,"*****"
"2739","dovere","distruggere",9554798,17812,2578,6022,"rep",3435.72525,"*****"
"2740","dovere","consultare",9554798,25322,4390,8561,"rep",3441.88008,"*****"
"2741","dovere","intraprendere",9554798,24117,4089,8153.6,"rep",3444.49687,"*****"
"2742","volere","compiere",9144549,30167,5242,9761.1,"rep",3457.73695,"*****"
"2743","potere","tutelare",9562180,13315,1559,4505.1,"rep",3475.53977,"*****"
"2744","dovere","cogliere",9554798,21399,3393,7234.7,"rep",3506.28991,"*****"
"2745","volere","rivolgere",9144549,57166,12119,18497.1,"rep",3512.55817,"*****"
"2746","dovere","avvalere",9554798,18620,2729,6295.1,"rep",3516.89126,"*****"
"2747","potere","buttare",9562180,14310,1755,4841.7,"rep",3524.91356,"*****"
"2748","volere","resistere",9144549,12342,1206,3993.5,"rep",3529.7892,"*****"
"2749","potere","imporre",9562180,29141,5303,9859.7,"rep",3539.92445,"*****"
"2750","volere","apprezzare",9144549,14503,1626,4692.7,"rep",3560.15424,"*****"
"2751","dovere","migliorare",9554798,48950,10531,16549.3,"rep",3576.28783,"*****"
"2752","volere","fornire",9144549,64422,13996,20845,"rep",3579.26292,"*****"
"2753","volere","esercitare",9144549,27697,4571,8961.9,"rep",3587.00861,"*****"
"2754","dovere","festeggiare",9554798,12297,1295,4157.4,"rep",3611.03675,"*****"
"2755","volere","adeguare",9144549,13617,1412,4406,"rep",3658.05225,"*****"
"2756","potere","comunicare",9562180,43880,9085,14846.6,"rep",3678.82011,"*****"
"2757","volere","soddisfare",9144549,21984,3179,7113.3,"rep",3710.02777,"*****"
"2758","dovere","determinare",9554798,25260,4223,8540,"rep",3718.6261,"*****"
"2759","dovere","sentire",9554798,106113,26720,35875.2,"rep",3723.10312,"*****"
"2760","dovere","soffermare",9554798,13156,1431,4447.8,"rep",3731.31772,"*****"
"2761","dovere","portare",9554798,215905,59767,72994.2,"rep",3772.43766,"*****"
"2762","dovere","rischiare",9554798,16043,2025,5423.9,"rep",3796.83823,"*****"
"2763","volere","individuare",9144549,21410,3009,6927.6,"rep",3797.06196,"*****"
"2764","volere","rientrare",9144549,23002,3359,7442.7,"rep",3814.06441,"*****"
"2765","dovere","suggerire",9554798,16241,2036,5490.8,"rep",3879.18823,"*****"
"2766","potere","salutare",9562180,11332,1014,3834.1,"rep",3892.43276,"*****"
"2767","volere","utilizzare",9144549,136182,33549,44064.2,"rep",3911.8278,"*****"
"2768","dovere","evitare",9554798,88465,21332,29908.7,"rep",3946.15834,"*****"
"2769","potere","uscire",9562180,69208,15780,23416.3,"rep",4033.44089,"*****"
"2770","potere","vendere",9562180,40641,7931,13750.7,"rep",4093.14225,"*****"
"2771","potere","perdere",9562180,72494,16623,24528.1,"rep",4122.92294,"*****"
"2772","dovere","perdere",9554798,72494,16580,24509.1,"rep",4151.17924,"*****"
"2773","volere","arrivare",9144549,141813,34826,45886.3,"rep",4159.1401,"*****"
"2774","volere","selezionare",9144549,13497,1220,4367.2,"rep",4162.4552,"*****"
"2775","potere","versare",9562180,16216,1895,5486.6,"rep",4243.04492,"*****"
"2776","dovere","entrare",9554798,92351,22137,31222.5,"rep",4246.79819,"*****"
"2777","volere","rivelare",9144549,31590,5119,10221.5,"rep",4260.91561,"*****"
"2778","potere","cedere",9562180,20027,2709,6776.1,"rep",4306.59689,"*****"
"2779","potere","provvedere",9562180,29030,4830,9822.2,"rep",4329.42365,"*****"
"2780","volere","influenzare",9144549,12287,942,3975.7,"rep",4348.84371,"*****"
"2781","dovere","imporre",9554798,29141,4838,9852.1,"rep",4354.01181,"*****"
"2782","potere","togliere",9562180,39398,7433,13330.2,"rep",4360.11556,"*****"
"2783","dovere","consigliare",9554798,17887,2181,6047.3,"rep",4430.46874,"*****"
"2784","volere","trarre",9144549,25496,3625,8249.7,"rep",4433.16118,"*****"
"2785","dovere","rovinare",9554798,10502,695,3550.6,"rep",4484.40241,"*****"
"2786","dovere","ascoltare",9554798,40618,7655,13732.3,"rep",4493.99591,"*****"
"2787","volere","eseguire",9144549,28394,4248,9187.4,"rep",4502.62157,"*****"
"2788","potere","dedicare",9562180,45249,8846,15309.8,"rep",4534.39565,"*****"
"2789","potere","lottare",9562180,14720,1480,4980.5,"rep",4540.6762,"*****"
"2790","dovere","capitare",9554798,26996,4206,9126.9,"rep",4574.29075,"*****"
"2791","volere","basare",9144549,11489,741,3717.5,"rep",4581.42965,"*****"
"2792","volere","tenere",9144549,143149,34656,46318.6,"rep",4593.19859,"*****"
"2793","potere","mostrare",9562180,41106,7720,13908.1,"rep",4605.19206,"*****"
"2794","dovere","richiedere",9554798,60096,12754,20317.6,"rep",4613.40661,"*****"
"2795","potere","intraprendere",9562180,24117,3512,8159.9,"rep",4616.35979,"*****"
"2796","volere","attenere",9144549,14419,1214,4665.5,"rep",4734.67826,"*****"
"2797","volere","piacere",9144549,12952,944,4190.9,"rep",4758.5559,"*****"
"2798","potere","evitare",9562180,88465,20540,29931.8,"rep",4761.26176,"*****"
"2799","potere","puntare",9562180,28381,4449,9602.6,"rep",4765.95076,"*****"
"2800","potere","rifare",9562180,19021,2269,6435.7,"rep",4853.49832,"*****"
"2801","potere","passare",9562180,111456,27030,37710.7,"rep",4854.92699,"*****"
"2802","potere","lavorare",9562180,88325,20273,29884.4,"rep",5004.29868,"*****"
"2803","dovere","scaricare",9554798,36999,6428,12508.8,"rep",5006.73744,"*****"
"2804","dovere","giocare",9554798,69561,15027,23517.5,"rep",5008.80763,"*****"
"2805","dovere","cimentare",9554798,17636,1897,5962.5,"rep",5063.86467,"*****"
"2806","dovere","influenzare",9554798,12287,858,4154.1,"rep",5072.16743,"*****"
"2807","dovere","trascorrere",9554798,27107,3973,9164.5,"rep",5120.96286,"*****"
"2808","volere","possedere",9144549,26199,3432,8477.2,"rep",5204.42232,"*****"
"2809","dovere","apprezzare",9554798,14503,1224,4903.2,"rep",5221.52035,"*****"
"2810","potere","chiudere",9562180,44603,8237,15091.3,"rep",5222.55555,"*****"
"2811","dovere","sbagliare",9554798,14319,1179,4841,"rep",5256.99468,"*****"
"2812","dovere","trasformare",9554798,37537,6367,12690.7,"rep",5358.58577,"*****"
"2813","potere","sposare",9562180,22927,2911,7757.3,"rep",5395.43256,"*****"
"2814","potere","rispondere",9562180,90871,20596,30745.9,"rep",5436.52746,"*****"
"2815","potere","riportare",9562180,31723,4914,10733.4,"rep",5447.83568,"*****"
"2816","dovere","visualizzare",9554798,13942,1047,4713.6,"rep",5479.75696,"*****"
"2817","volere","ammettere",9144549,49564,8714,16037.4,"rep",5518.96522,"*****"
"2818","potere","stare",9562180,145401,36138,49195.9,"rep",5545.41638,"*****"
"2819","potere","accontentare",9562180,25368,3375,8583.2,"rep",5590.93995,"*****"
"2820","dovere","ringraziare",9554798,86489,19192,29240.6,"rep",5619.89959,"*****"
"2821","potere","adeguare",9562180,13617,951,4607.3,"rep",5629.45642,"*****"
"2822","volere","adattare",9144549,16268,1274,5263.8,"rep",5665.26851,"*****"
"2823","dovere","contattare",9554798,39565,6691,13376.3,"rep",5685.20485,"*****"
"2824","potere","morire",9562180,37068,6084,12541.8,"rep",5687.95615,"*****"
"2825","potere","soffermare",9562180,13156,830,4451.3,"rep",5789.16025,"*****"
"2826","dovere","sfruttare",9554798,28820,4057,9743.6,"rep",5817.18203,"*****"
"2827","potere","aspettare",9562180,86059,18913,29117.7,"rep",5832.57556,"*****"
"2828","dovere","avvicinare",9554798,24945,3175,8433.5,"rep",5838.84527,"*****"
"2829","volere","indurre",9144549,17795,1499,5757.9,"rep",5841.28586,"*****"
"2830","volere","gestire",9144549,37026,5510,11980.5,"rep",5932.13235,"*****"
"2831","volere","pretendere",9144549,14172,836,4585.6,"rep",5961.49869,"*****"
"2832","potere","condividere",9562180,66636,13516,22546,"rep",5975.82336,"*****"
"2833","volere","aiutare",9144549,142554,32803,46126,"rep",6074.01837,"*****"
"2834","dovere","salvare",9554798,41218,6786,13935.2,"rep",6268.96506,"*****"
"2835","potere","informare",9562180,21890,2364,7406.4,"rep",6270.69321,"*****"
"2836","volere","generare",9144549,17481,1306,5656.3,"rep",6308.89161,"*****"
"2837","volere","recare",9144549,31488,4100,10188.5,"rep",6313.68166,"*****"
"2838","potere","combattere",9562180,28041,3655,9487.6,"rep",6364.51023,"*****"
"2839","dovere","notare",9554798,28745,3805,9718.3,"rep",6368.59925,"*****"
"2840","dovere","diventare",9554798,162018,39982,54775.9,"rep",6401.1524,"*****"
"2841","volere","accontentare",9144549,25368,2756,8208.3,"rep",6467.26729,"*****"
"2842","potere","investire",9562180,31043,4274,10503.3,"rep",6501.66975,"*****"
"2843","volere","consultare",9144549,25322,2728,8193.4,"rep",6518.69018,"*****"
"2844","potere","restare",9562180,64194,12481,21719.8,"rep",6539.66219,"*****"
"2845","volere","produrre",9144549,37948,5423,12278.8,"rep",6542.42151,"*****"
"2846","volere","agire",9144549,33474,4388,10831.1,"rep",6644.14238,"*****"
"2847","dovere","citare",9554798,23264,2505,7865.2,"rep",6673.3514,"*****"
"2848","potere","difendere",9562180,36821,5535,12458.2,"rep",6676.79979,"*****"
"2849","potere","raccontare",9562180,64425,12392,21798,"rep",6766.51271,"*****"
"2850","volere","ospitare",9144549,23904,2350,7734.6,"rep",6796.61272,"*****"
"2851","dovere","negare",9554798,20714,1944,7003.1,"rep",6811.29147,"*****"
"2852","dovere","sperimentare",9554798,20605,1878,6966.2,"rep",6955.29067,"*****"
"2853","potere","parlare",9562180,196581,49494,66512.4,"rep",6963.79394,"*****"
"2854","potere","partire",9562180,63429,11938,21461,"rep",7070.55909,"*****"
"2855","dovere","approfittare",9554798,20356,1778,6882.1,"rep",7126.59809,"*****"
"2856","potere","smettere",9562180,24133,2516,8165.3,"rep",7177.38156,"*****"
"2857","volere","usufruire",9144549,43474,6358,14066.8,"rep",7193.698,"*****"
"2858","volere","prescindere",9144549,17425,1051,5638.2,"rep",7237.12498,"*****"
"2859","potere","attendere",9562180,38476,5655,13018.2,"rep",7254.33428,"*****"
"2860","dovere","prescindere",9554798,17425,1191,5891.1,"rep",7293.70993,"*****"
"2861","potere","sentire",9562180,106113,23199,35902.9,"rep",7342.3562,"*****"
"2862","potere","rimanere",9562180,90024,18766,30459.3,"rep",7388.36148,"*****"
"2863","dovere","donare",9554798,16193,916,5474.6,"rep",7555.8833,"*****"
"2864","volere","versare",9144549,16216,776,5247,"rep",7594.45354,"*****"
"2865","volere","rispettare",9144549,38974,5140,12610.8,"rep",7665.64931,"*****"
"2866","dovere","beneficiare",9554798,19166,1388,6479.7,"rep",7724.88317,"*****"
"2867","potere","sottoporre",9562180,24354,2368,8240.1,"rep",7762.92284,"*****"
"2868","volere","beneficiare",9144549,19166,1198,6201.5,"rep",7793.44701,"*****"
"2869","dovere","incontrare",9554798,50477,8231,17065.5,"rep",7831.72383,"*****"
"2870","volere","valutare",9144549,39089,5092,12648,"rep",7834.2468,"*****"
"2871","dovere","conoscere",9554798,113087,24589,38233,"rep",7958.68527,"*****"
"2872","volere","definire",9144549,57007,9047,18445.7,"rep",8046.05066,"*****"
"2873","potere","spendere",9562180,43593,6470,14749.5,"rep",8084.03631,"*****"
"2874","volere","nascere",9144549,21727,1518,7030.2,"rep",8224.2854,"*****"
"2875","potere","abbandonare",9562180,28773,3088,9735.2,"rep",8299.95037,"*****"
"2876","dovere","leggere",9554798,91572,18490,30959.1,"rep",8307.35934,"*****"
"2877","volere","assumere",9144549,63046,10194,20399.7,"rep",8552.64658,"*****"
"2878","dovere","dedicare",9554798,45249,6615,15298,"rep",8590.26874,"*****"
"2879","dovere","rivelare",9554798,31590,3565,10680.1,"rep",8600.45781,"*****"
"2880","potere","intendere",9562180,33927,4005,11479.1,"rep",8773.35871,"*****"
"2881","potere","mantenere",9562180,60916,10124,20610.7,"rep",9114.97494,"*****"
"2882","potere","prendere",9562180,207237,50129,70117.8,"rep",9178.7681,"*****"
"2883","dovere","risparmiare",9554798,23276,1718,7869.3,"rep",9261.55688,"*****"
"2884","dovere","capire",9554798,144442,32147,48833.7,"rep",9292.51833,"*****"
"2885","volere","mancare",9144549,45186,5757,14620.8,"rep",9361.66717,"*****"
"2886","volere","effettuare",9144549,65512,10290,21197.6,"rep",9449.24834,"*****"
"2887","dovere","esprimere",9554798,70790,12258,23933,"rep",9662.10611,"*****"
"2888","potere","occupare",9562180,44901,6073,15192.1,"rep",9664.30628,"*****"
"2889","volere","determinare",9144549,25260,1718,8173.3,"rep",9737.43257,"*****"
"2890","potere","lasciare",9562180,125531,26564,42472.9,"rep",9793.90731,"*****"
"2891","potere","capire",9562180,144442,31669,48871.4,"rep",9898.05363,"*****"
"2892","volere","provocare",9144549,29248,2351,9463.7,"rep",9981.7047,"*****"
"2893","potere","provare",9562180,154795,34249,52374.3,"rep",10241.22933,"*****"
"2894","dovere","contribuire",9554798,53861,7834,18209.6,"rep",10315.71831,"*****"
"2895","dovere","trovare",9554798,336279,86508,113690.9,"rep",10400.14928,"*****"
"2896","volere","osservare",9144549,37638,3781,12178.5,"rep",10468.56977,"*****"
"2897","potere","possedere",9562180,26199,1852,8864.3,"rep",10749.53007,"*****"
"2898","dovere","segnalare",9554798,45999,5856,15551.6,"rep",10770.62092,"*****"
"2899","dovere","divertire",9554798,21296,996,7199.9,"rep",10873.39669,"*****"
"2900","dovere","permettere",9554798,76032,12853,25705.3,"rep",10947.19287,"*****"
"2901","potere","pervenire",9562180,26218,1796,8870.8,"rep",10977.91804,"*****"
"2902","potere","impegnare",9562180,27807,2080,9408.4,"rep",10980.86039,"*****"
"2903","potere","approfondire",9562180,46789,5931,15830.9,"rep",11043.28158,"*****"
"2904","potere","imparare",9562180,76147,12827,25764,"rep",11078.07344,"*****"
"2905","dovere","regalare",9554798,27017,1853,9134,"rep",11286.91375,"*****"
"2906","potere","segnalare",9562180,45999,5608,15563.6,"rep",11428.38755,"*****"
"2907","volere","disporre",9144549,29586,1994,9573.1,"rep",11475.15569,"*****"
"2908","dovere","ricordare",9554798,132559,27144,44816.2,"rep",11515.14233,"*****"
"2909","dovere","raggiungere",9554798,104808,19812,35434,"rep",11525.99865,"*****"
"2910","volere","costituire",9144549,41242,4115,13344.6,"rep",11554.07652,"*****"
"2911","volere","procedere",9144549,60057,8013,19432.6,"rep",11608.59878,"*****"
"2912","volere","ricorrere",9144549,36681,3215,11868.8,"rep",11639.73778,"*****"
"2913","potere","dimostrare",9562180,68451,10625,23160.1,"rep",11724.02356,"*****"
"2914","potere","conoscere",9562180,113087,21842,38262.6,"rep",11758.57565,"*****"
"2915","volere","consentire",9144549,29807,1957,9644.6,"rep",11758.67817,"*****"
"2916","dovere","immaginare",9554798,42173,4624,14258.1,"rep",11866.27715,"*****"
"2917","dovere","acquistare",9554798,83565,14204,28252.1,"rep",11892.01933,"*****"
"2918","dovere","definire",9554798,57007,7648,19273.2,"rep",12395.86149,"*****"
"2919","dovere","utilizzare",9554798,136182,27433,46041.1,"rep",12463.55617,"*****"
"2920","potere","chiedere",9562180,217793,49738,73689.4,"rep",12668.25352,"*****"
"2921","volere","provvedere",9144549,29030,1593,9393.2,"rep",12711.36442,"*****"
"2922","dovere","realizzare",9554798,91385,15541,30895.9,"rep",12993.80813,"*****"
"2923","dovere","scoprire",9554798,51716,6161,17484.4,"rep",13204.21853,"*****"
"2924","dovere","affermare",9554798,37746,3287,12761.4,"rep",13254.67649,"*****"
"2925","potere","porre",9562180,65259,9168,22080.1,"rep",13259.33937,"*****"
"2926","dovere","variare",9554798,28254,1517,9552.3,"rep",13540.81815,"*****"
"2927","dovere","proporre",9554798,53866,6485,18211.3,"rep",13574.23042,"*****"
"2928","volere","attendere",9144549,38476,2921,12449.6,"rep",13729.40324,"*****"
"2929","dovere","provocare",9554798,29248,1583,9888.3,"rep",13962.13109,"*****"
"2930","dovere","vivere",9554798,111380,19999,37655.9,"rep",13978.88715,"*****"
"2931","volere","verificare",9144549,68626,8826,22205.2,"rep",14032.5529,"*****"
"2932","volere","immaginare",9144549,42173,3490,13645.9,"rep",14060.61831,"*****"
"2933","volere","presentare",9144549,131493,23446,42547,"rep",14154.14946,"*****"
"2934","volere","sembrare",9144549,61249,7016,19818.3,"rep",14661.84069,"*****"
"2935","volere","interessare",9144549,29671,1172,9600.6,"rep",15066.62781,"*****"
"2936","volere","garantire",9144549,69476,8561,22480.3,"rep",15106.91513,"*****"
"2937","volere","notare",9144549,28745,1031,9301,"rep",15119.10535,"*****"
"2938","potere","mettere",9562180,255548,57985,86463.7,"rep",15299.95594,"*****"
"2939","volere","superare",9144549,62726,7021,20296.2,"rep",15450.44197,"*****"
"2940","volere","affrontare",9144549,129893,22119,42029.3,"rep",15692.30568,"*****"
"2941","volere","variare",9144549,28254,833,9142.1,"rep",15817.96844,"*****"
"2942","dovere","chiedere",9554798,217793,46416,73632.5,"rep",16556.79514,"*****"
"2943","dovere","creare",9554798,120386,20774,40700.7,"rep",16586.51075,"*****"
"2944","potere","rinunciare",9562180,61224,6648,20714.9,"rep",17454.62558,"*****"
"2945","volere","ammirare",9144549,43719,2624,14146.1,"rep",18222.80907,"*****"
"2946","volere","pensare",9144549,116882,17406,37819.4,"rep",18747.80232,"*****"
"2947","dovere","sottolineare",9554798,54865,4824,18549,"rep",19120.57679,"*****"
"2948","volere","svolgere",9144549,62351,5579,20174.8,"rep",19435.64218,"*****"
"2949","potere","andare",9562180,368102,85837,124545.9,"rep",19606.22321,"*****"
"2950","potere","fare",9562180,1781175,517735,602653.8,"rep",19762.60017,"*****"
"2951","dovere","offrire",9554798,79623,9666,26919.3,"rep",19869.83243,"*****"
"2952","volere","considerare",9144549,88950,10720,28781.4,"rep",19949.59278,"*****"
"2953","volere","servire",9144549,63621,5632,20585.8,"rep",20025.169,"*****"
"2954","volere","accedere",9144549,71081,7036,22999.6,"rep",20096.07545,"*****"
"2955","dovere","raccontare",9554798,64425,6334,21781.1,"rep",20306.41302,"*****"
"2956","dovere","approfondire",9554798,46789,2954,15818.7,"rep",20569.18742,"*****"
"2957","volere","aspettare",9144549,86059,9803,27846,"rep",20760.42803,"*****"
"2958","dovere","dare",9554798,467438,112913,158033.8,"rep",20929.52369,"*****"
"2959","volere","subire",9144549,38875,1230,12578.7,"rep",21313.40581,"*****"
"2960","volere","richiedere",9144549,60096,4593,19445.2,"rep",21349.02511,"*****"
"2961","dovere","contare",9554798,60769,5121,20545.1,"rep",21933.71457,"*****"
"2962","dovere","visitare",9554798,52019,3508,17586.8,"rep",21979.97018,"*****"
"2963","potere","ammettere",9562180,49564,3008,16769.8,"rep",22319.4753,"*****"
"2964","potere","rispettare",9562180,38974,1318,13186.7,"rep",22465.23912,"*****"
"2965","volere","prevedere",9144549,38914,1024,12591.4,"rep",22486.07135,"*****"
"2966","dovere","parlare",9554798,196581,36526,66461.1,"rep",22696.56245,"*****"
"2967","volere","comportare",9144549,39833,1033,12888.7,"rep",23105.17383,"*****"
"2968","dovere","dire",9554798,973378,259840,329084.5,"rep",23688.40628,"*****"
"2969","dovere","provare",9554798,154795,25087,52333.9,"rep",24396.20799,"*****"
"2970","dovere","causare",9554798,41927,1249,14174.9,"rep",25067.02915,"*****"
"2971","dovere","godere",9554798,57972,3759,19599.5,"rep",25094.61904,"*****"
"2972","dovere","condividere",9554798,66636,5309,22528.6,"rep",25125.84058,"*****"
"2973","potere","cercare",9562180,96903,11172,32786.8,"rep",25830.79789,"*****"
"2974","dovere","usufruire",9554798,43474,1126,14697.9,"rep",26968.22165,"*****"
"2975","dovere","ottenere",9554798,108883,12931,36811.7,"rep",27955.39959,"*****"
"2976","dovere","accedere",9554798,71081,5282,24031.4,"rep",28188.96328,"*****"
"2977","dovere","sembrare",9554798,61249,3357,20707.4,"rep",29079.98148,"*****"
"2978","volere","pagare",9144549,113563,12240,36745.4,"rep",29295.11718,"*****"
"2979","volere","contare",9144549,60769,2609,19663,"rep",29875.94422,"*****"
"2980","volere","ritenere",9144549,57639,2139,18650.2,"rep",29975.07155,"*****"
"2981","volere","decidere",9144549,72156,4025,23347.4,"rep",31355.87693,"*****"
"2982","dovere","aiutare",9554798,142554,18716,48195.4,"rep",32067.74494,"*****"
"2983","potere","pagare",9562180,113563,12336,38423.6,"rep",32412.31208,"*****"
"2984","potere","tenere",9562180,143149,18523,48433.9,"rep",32939.63384,"*****"
"2985","volere","contenere",9144549,54735,1187,17710.5,"rep",33146.31502,"*****"
"2986","dovere","partecipare",9554798,115266,12141,38969.7,"rep",33943.36712,"*****"
"2987","potere","affrontare",9562180,129893,14349,43948.8,"rep",36407.31296,"*****"
"2988","volere","permettere",9144549,76032,3364,24601.6,"rep",36925.01231,"*****"
"2989","potere","dire",9562180,973378,242336,329338.7,"rep",37820.87434,"*****"
"2990","potere","sottolineare",9562180,54865,825,18563.4,"rep",37913.32924,"*****"
"2991","volere","risultare",9144549,64708,1153,20937.5,"rep",40782.99519,"*****"
"2992","dovere","sapere",9554798,464518,88945,157046.6,"rep",49892.21216,"*****"
"2993","volere","avere",9144549,648678,129713,209892,"rep",50398.59522,"*****"
"2994","potere","ricordare",9562180,132559,10378,44850.8,"rep",50812.20268,"*****"
"2995","volere","scegliere",9144549,138481,8590,44808.1,"rep",56754.57018,"*****"
"2996","volere","trovare",9144549,336279,48889,108809.4,"rep",56757.04844,"*****"
"2997","potere","ringraziare",9562180,86489,928,29263.2,"rep",62551.64133,"*****"
"2998","dovere","vedere",9554798,352219,47762,119080,"rep",76062.00325,"*****"
"2999","potere","sapere",9562180,464518,20349,157167.9,"rep",246904.59704,"*****"
"3000","volere","essere",9144549,2462331,345262,796733.5,"rep",473894.55962,"*****"
